%time,field.header.seq,field.header.stamp,field.header.frame_id,field.gear
1575033823470170863,0,3131864548000,vehicle_info_gear,1
1575033823801186170,1,3132064232000,vehicle_info_gear,1
1575033824163000950,2,3132263002000,vehicle_info_gear,1
1575033824500956229,3,3132463172000,vehicle_info_gear,1
1575033824855559827,4,3132663099000,vehicle_info_gear,1
1575033825194401509,5,3132863118000,vehicle_info_gear,1
1575033825552997549,6,3133063152000,vehicle_info_gear,1
1575033825918935438,7,3133263014000,vehicle_info_gear,1
1575033826272354751,8,3133463221000,vehicle_info_gear,1
1575033826626017189,9,3133663003000,vehicle_info_gear,1
1575033826994583838,10,3133863033000,vehicle_info_gear,1
1575033827365675980,11,3134063057000,vehicle_info_gear,1
1575033827732933152,12,3134263003000,vehicle_info_gear,1
1575033828107542225,13,3134463033000,vehicle_info_gear,1
1575033828440384911,14,3134663003000,vehicle_info_gear,1
1575033828775493367,15,3134862946000,vehicle_info_gear,1
1575033829075942765,16,3135062946000,vehicle_info_gear,1
1575033829426270402,17,3135262946000,vehicle_info_gear,1
1575033829737827939,18,3135462946000,vehicle_info_gear,1
1575033830057448308,19,3135662946000,vehicle_info_gear,1
1575033830366953485,20,3135862993000,vehicle_info_gear,1
1575033830696535908,21,3136062946000,vehicle_info_gear,1
1575033831015501775,22,3136262993000,vehicle_info_gear,1
1575033831357576318,23,3136463003000,vehicle_info_gear,1
1575033831722627914,24,3136662951000,vehicle_info_gear,1
1575033832057754147,25,3136862946000,vehicle_info_gear,1
1575033832425065680,26,3137062961000,vehicle_info_gear,1
1575033832785591705,27,3137262946000,vehicle_info_gear,1
1575033833154373604,28,3137462973000,vehicle_info_gear,1
1575033833531446258,29,3137662946000,vehicle_info_gear,1
1575033833884991251,30,3137862946000,vehicle_info_gear,1
1575033834265910305,31,3138062992000,vehicle_info_gear,1
1575033834625191246,32,3138262946000,vehicle_info_gear,1
1575033834987686075,33,3138462946000,vehicle_info_gear,1
1575033835339038082,34,3138662981000,vehicle_info_gear,1
1575033835699914444,35,3138862965000,vehicle_info_gear,1
1575033836037614790,36,3139062951000,vehicle_info_gear,1
1575033836411521977,37,3139262993000,vehicle_info_gear,1
1575033836750609770,38,3139462946000,vehicle_info_gear,1
1575033837114589470,39,3139662965000,vehicle_info_gear,1
1575033837460871719,40,3139862994000,vehicle_info_gear,1
1575033837819271072,41,3140062946000,vehicle_info_gear,1
1575033838152584206,42,3140262967000,vehicle_info_gear,1
1575033838481087617,43,3140463024000,vehicle_info_gear,1
1575033838832588967,44,3140663036000,vehicle_info_gear,1
1575033839181962163,45,3140863014000,vehicle_info_gear,1
1575033839528251050,46,3141063121000,vehicle_info_gear,1
1575033839901415050,47,3141264019000,vehicle_info_gear,1
1575033840257927798,48,3141464671000,vehicle_info_gear,1
1575033840607337940,49,3141662962000,vehicle_info_gear,1
1575033840994716084,50,3141862968000,vehicle_info_gear,1
1575033841373644779,51,3142062951000,vehicle_info_gear,1
1575033841746193516,52,3142262946000,vehicle_info_gear,1
1575033842107611641,53,3142462946000,vehicle_info_gear,1
1575033842453358822,54,3142662946000,vehicle_info_gear,1
1575033842804019320,55,3142862946000,vehicle_info_gear,1
1575033843169000931,56,3143062951000,vehicle_info_gear,1
1575033843518483148,57,3143262948000,vehicle_info_gear,1
1575033843869635793,58,3143463016000,vehicle_info_gear,1
1575033844233037475,59,3143663015000,vehicle_info_gear,1
1575033844596342573,60,3143862973000,vehicle_info_gear,1
1575033844966718731,61,3144063020000,vehicle_info_gear,1
1575033845331141788,62,3144263015000,vehicle_info_gear,1
1575033845714056513,63,3144462973000,vehicle_info_gear,1
1575033846055292362,64,3144663148000,vehicle_info_gear,1
1575033846416285436,65,3144863093000,vehicle_info_gear,1
1575033846509919813,66,3144922974000,vehicle_info_gear,0
1575033846842197178,67,3145122853000,vehicle_info_gear,0
1575033846867104776,68,3145142897000,vehicle_info_gear,3
1575033847215157552,69,3145342968000,vehicle_info_gear,3
1575033847526088561,70,3145542949000,vehicle_info_gear,3
1575033847832935127,71,3145742863000,vehicle_info_gear,3
1575033848167288905,72,3145942864000,vehicle_info_gear,3
1575033848488461766,73,3146142876000,vehicle_info_gear,3
1575033848822116482,74,3146343955000,vehicle_info_gear,3
1575033849149500782,75,3146542879000,vehicle_info_gear,3
1575033849497356503,76,3146743003000,vehicle_info_gear,3
1575033849823423570,77,3146942886000,vehicle_info_gear,3
1575033850176996718,78,3147142942000,vehicle_info_gear,3
1575033850536068192,79,3147343212000,vehicle_info_gear,3
1575033850874985465,80,3147542924000,vehicle_info_gear,3
1575033851230420694,81,3147742876000,vehicle_info_gear,3
1575033851610614799,82,3147942947000,vehicle_info_gear,3
1575033851991217953,83,3148142939000,vehicle_info_gear,3
1575033852359683057,84,3148343222000,vehicle_info_gear,3
1575033852707701724,85,3148543124000,vehicle_info_gear,3
1575033853093632511,86,3148742898000,vehicle_info_gear,3
1575033853464395301,87,3148943077000,vehicle_info_gear,3
1575033853812447335,88,3149142994000,vehicle_info_gear,3
1575033854151939125,89,3149343597000,vehicle_info_gear,3
1575033854483070048,90,3149542917000,vehicle_info_gear,3
1575033854824405391,91,3149743634000,vehicle_info_gear,3
1575033855148879668,92,3149944282000,vehicle_info_gear,3
1575033855451563618,93,3150143454000,vehicle_info_gear,3
1575033855808177075,94,3150343566000,vehicle_info_gear,3
1575033856148209611,95,3150545678000,vehicle_info_gear,3
1575033856524161274,96,3150744561000,vehicle_info_gear,3
1575033856872458399,97,3150945331000,vehicle_info_gear,3
1575033857251935137,98,3151145473000,vehicle_info_gear,3
1575033857610254746,99,3151342675000,vehicle_info_gear,3
1575033857968505192,100,3151544077000,vehicle_info_gear,3
1575033858314410659,101,3151742924000,vehicle_info_gear,3
1575033858674253121,102,3151942950000,vehicle_info_gear,3
1575033859047812055,103,3152143529000,vehicle_info_gear,3
1575033859452259403,104,3152344932000,vehicle_info_gear,3
1575033859806002513,105,3152544261000,vehicle_info_gear,3
1575033860169364632,106,3152743571000,vehicle_info_gear,3
1575033860532811833,107,3152943555000,vehicle_info_gear,3
1575033860903493475,108,3153143038000,vehicle_info_gear,3
1575033861262778257,109,3153343537000,vehicle_info_gear,3
1575033861624196946,110,3153543506000,vehicle_info_gear,3
1575033861991908068,111,3153742701000,vehicle_info_gear,3
1575033862364328144,112,3153942979000,vehicle_info_gear,3
1575033862741561583,113,3154142695000,vehicle_info_gear,3
1575033863118163246,114,3154343018000,vehicle_info_gear,3
1575033863480554077,115,3154543538000,vehicle_info_gear,3
1575033863840598947,116,3154744627000,vehicle_info_gear,3
1575033864176466311,117,3154943003000,vehicle_info_gear,3
1575033864543144631,118,3155143396000,vehicle_info_gear,3
1575033864870993843,119,3155343023000,vehicle_info_gear,3
1575033865222330785,120,3155545131000,vehicle_info_gear,3
1575033865558655390,121,3155745465000,vehicle_info_gear,3
1575033865887834188,122,3155945045000,vehicle_info_gear,3
1575033866241167511,123,3156144414000,vehicle_info_gear,3
1575033866561329638,124,3156343256000,vehicle_info_gear,3
1575033866912676014,125,3156544390000,vehicle_info_gear,3
1575033867264581703,126,3156744473000,vehicle_info_gear,3
1575033867619827392,127,3156944596000,vehicle_info_gear,3
1575033867956609978,128,3157143441000,vehicle_info_gear,3
1575033868316996180,129,3157344672000,vehicle_info_gear,3
1575033868672181689,130,3157543468000,vehicle_info_gear,3
1575033869034071813,131,3157743684000,vehicle_info_gear,3
1575033869403812963,132,3157944376000,vehicle_info_gear,3
1575033869783745889,133,3158143153000,vehicle_info_gear,3
1575033870142691760,134,3158343494000,vehicle_info_gear,3
1575033870503937097,135,3158545091000,vehicle_info_gear,3
1575033870863986609,136,3158745360000,vehicle_info_gear,3
1575033871220418713,137,3158944579000,vehicle_info_gear,3
1575033871586958781,138,3159143655000,vehicle_info_gear,3
1575033871936608056,139,3159344629000,vehicle_info_gear,3
1575033872295612500,140,3159544056000,vehicle_info_gear,3
1575033872637405902,141,3159744227000,vehicle_info_gear,3
1575033872975611305,142,3159944089000,vehicle_info_gear,3
1575033873300791698,143,3160144417000,vehicle_info_gear,3
1575033873613375609,144,3160344595000,vehicle_info_gear,3
1575033873949142241,145,3160545201000,vehicle_info_gear,3
1575033874305664167,146,3160745219000,vehicle_info_gear,3
1575033874644546701,147,3160943579000,vehicle_info_gear,3
1575033875006523895,148,3161143628000,vehicle_info_gear,3
1575033875353594265,149,3161343472000,vehicle_info_gear,3
1575033875730846191,150,3161545072000,vehicle_info_gear,3
1575033876102290781,151,3161744113000,vehicle_info_gear,3
1575033876468236762,152,3161943427000,vehicle_info_gear,3
1575033876860496316,153,3162144024000,vehicle_info_gear,3
1575033877223600801,154,3162344033000,vehicle_info_gear,3
1575033877598755581,155,3162543090000,vehicle_info_gear,3
1575033877971007901,156,3162745065000,vehicle_info_gear,3
1575033878350822809,157,3162944010000,vehicle_info_gear,3
1575033878716496629,158,3163144270000,vehicle_info_gear,3
1575033879089582693,159,3163343273000,vehicle_info_gear,3
1575033879425973577,160,3163543241000,vehicle_info_gear,3
1575033879788778837,161,3163743953000,vehicle_info_gear,3
1575033880136667143,162,3163943240000,vehicle_info_gear,3
1575033880535028398,163,3164144993000,vehicle_info_gear,3
1575033880907114742,164,3164344270000,vehicle_info_gear,3
1575033881286611795,165,3164545215000,vehicle_info_gear,3
1575033881657456458,166,3164744179000,vehicle_info_gear,3
1575033882025596535,167,3164944246000,vehicle_info_gear,3
1575033882352858645,168,3165145147000,vehicle_info_gear,3
1575033882693929722,169,3165344183000,vehicle_info_gear,3
1575033883034662649,170,3165544113000,vehicle_info_gear,3
1575033883398043341,171,3165744449000,vehicle_info_gear,3
1575033883751807658,172,3165944441000,vehicle_info_gear,3
1575033884109129554,173,3166144364000,vehicle_info_gear,3
1575033884436575895,174,3166344021000,vehicle_info_gear,3
1575033884805395311,175,3166544064000,vehicle_info_gear,3
1575033885152014432,176,3166744554000,vehicle_info_gear,3
1575033885516980676,177,3166944186000,vehicle_info_gear,3
1575033885856762132,178,3167144015000,vehicle_info_gear,3
1575033886239732749,179,3167346241000,vehicle_info_gear,3
1575033886585151765,180,3167544082000,vehicle_info_gear,3
1575033886939258366,181,3167745049000,vehicle_info_gear,3
1575033887302447578,182,3167944917000,vehicle_info_gear,3
1575033887689965884,183,3168144952000,vehicle_info_gear,3
1575033888052848177,184,3168344261000,vehicle_info_gear,3
1575033888412491155,185,3168546130000,vehicle_info_gear,3
1575033888816697254,186,3168745442000,vehicle_info_gear,3
1575033889175827420,187,3168944170000,vehicle_info_gear,3
1575033889526257023,188,3169144686000,vehicle_info_gear,3
1575033889892992614,189,3169344622000,vehicle_info_gear,3
1575033890216435369,190,3169546444000,vehicle_info_gear,3
1575033890534331606,191,3169744681000,vehicle_info_gear,3
1575033890887523301,192,3169946522000,vehicle_info_gear,3
1575033891228516100,193,3170145560000,vehicle_info_gear,3
1575033891563243688,194,3170345377000,vehicle_info_gear,3
1575033891880474305,195,3170546031000,vehicle_info_gear,3
1575033892194931344,196,3170745538000,vehicle_info_gear,3
1575033892537144935,197,3170946197000,vehicle_info_gear,3
1575033892866233409,198,3171145245000,vehicle_info_gear,3
1575033893213205729,199,3171344047000,vehicle_info_gear,3
1575033893575080711,200,3171545572000,vehicle_info_gear,3
1575033893931978222,201,3171744047000,vehicle_info_gear,3
1575033894285567816,202,3171943987000,vehicle_info_gear,3
1575033894676330970,203,3172144049000,vehicle_info_gear,3
1575033895033470594,204,3172344325000,vehicle_info_gear,3
1575033895400871415,205,3172544378000,vehicle_info_gear,3
1575033895768074673,206,3172744661000,vehicle_info_gear,3
1575033896114005516,207,3172943901000,vehicle_info_gear,3
1575033896476880151,208,3173144145000,vehicle_info_gear,3
1575033896844526322,209,3173344318000,vehicle_info_gear,3
1575033897183742083,210,3173543629000,vehicle_info_gear,3
1575033897537515410,211,3173745338000,vehicle_info_gear,3
1575033897879705301,212,3173944096000,vehicle_info_gear,3
1575033898248848325,213,3174144050000,vehicle_info_gear,3
1575033898583066453,214,3174343928000,vehicle_info_gear,3
1575033898936172455,215,3174545832000,vehicle_info_gear,3
1575033899281099743,216,3174744341000,vehicle_info_gear,3
1575033899631390942,217,3174945221000,vehicle_info_gear,3
1575033899998147475,218,3175144283000,vehicle_info_gear,3
1575033900353281607,219,3175345450000,vehicle_info_gear,3
1575033900688561366,220,3175545519000,vehicle_info_gear,3
1575033901043894750,221,3175744188000,vehicle_info_gear,3
1575033901403272916,222,3175944207000,vehicle_info_gear,3
1575033901769499319,223,3176145197000,vehicle_info_gear,3
1575033902129083675,224,3176343679000,vehicle_info_gear,3
1575033902459870416,225,3176543626000,vehicle_info_gear,3
1575033902843616236,226,3176744235000,vehicle_info_gear,3
1575033903214495762,227,3176945137000,vehicle_info_gear,3
1575033903580330542,228,3177143988000,vehicle_info_gear,3
1575033903939829534,229,3177343984000,vehicle_info_gear,3
1575033904282208479,230,3177543605000,vehicle_info_gear,3
1575033904665572855,231,3177744142000,vehicle_info_gear,3
1575033905024896270,232,3177943707000,vehicle_info_gear,3
1575033905401483510,233,3178144137000,vehicle_info_gear,3
1575033905779449253,234,3178344147000,vehicle_info_gear,3
1575033906152372651,235,3178544359000,vehicle_info_gear,3
1575033906528682315,236,3178743975000,vehicle_info_gear,3
1575033906858916676,237,3178944024000,vehicle_info_gear,3
1575033907234385017,238,3179145817000,vehicle_info_gear,3
1575033907583727024,239,3179344590000,vehicle_info_gear,3
1575033907906754122,240,3179545114000,vehicle_info_gear,3
1575033908240707578,241,3179745683000,vehicle_info_gear,3
1575033908564525523,242,3179946271000,vehicle_info_gear,3
1575033908904213659,243,3180145635000,vehicle_info_gear,3
1575033909244075612,244,3180345486000,vehicle_info_gear,3
1575033909558396780,245,3180543591000,vehicle_info_gear,3
1575033909908129578,246,3180745477000,vehicle_info_gear,3
1575033910258532406,247,3180943688000,vehicle_info_gear,3
1575033910616469956,248,3181144605000,vehicle_info_gear,3
1575033910977799384,249,3181344064000,vehicle_info_gear,3
1575033911332353505,250,3181544290000,vehicle_info_gear,3
1575033911696488521,251,3181745293000,vehicle_info_gear,3
1575033912054865482,252,3181944914000,vehicle_info_gear,3
1575033912403878540,253,3182144312000,vehicle_info_gear,3
1575033912776397191,254,3182343914000,vehicle_info_gear,3
1575033913140209045,255,3182544508000,vehicle_info_gear,3
1575033913524846991,256,3182743941000,vehicle_info_gear,3
1575033913895493500,257,3182945287000,vehicle_info_gear,3
1575033914265172212,258,3183144002000,vehicle_info_gear,3
1575033914621159111,259,3183343960000,vehicle_info_gear,3
1575033914976225861,260,3183544096000,vehicle_info_gear,3
1575033915318873356,261,3183745957000,vehicle_info_gear,3
1575033915670189257,262,3183943709000,vehicle_info_gear,3
1575033916012361867,263,3184144075000,vehicle_info_gear,3
1575033916354230833,264,3184344285000,vehicle_info_gear,3
1575033916706900787,265,3184545713000,vehicle_info_gear,3
1575033917033974710,266,3184744207000,vehicle_info_gear,3
1575033917378207835,267,3184945708000,vehicle_info_gear,3
1575033917724696472,268,3185144269000,vehicle_info_gear,3
1575033918083135441,269,3185344623000,vehicle_info_gear,3
1575033918440047589,270,3185543650000,vehicle_info_gear,3
1575033918814351018,271,3185744061000,vehicle_info_gear,3
1575033919180040507,272,3185945391000,vehicle_info_gear,3
1575033919552048363,273,3186144215000,vehicle_info_gear,3
1575033919931568562,274,3186344058000,vehicle_info_gear,3
1575033920294982916,275,3186544712000,vehicle_info_gear,3
1575033920665357584,276,3186743996000,vehicle_info_gear,3
1575033921024772710,277,3186944269000,vehicle_info_gear,3
1575033921395407561,278,3187144665000,vehicle_info_gear,3
1575033921766883831,279,3187344141000,vehicle_info_gear,3
1575033922156184228,280,3187544607000,vehicle_info_gear,3
1575033922516511195,281,3187745110000,vehicle_info_gear,3
1575033922901178460,282,3187944169000,vehicle_info_gear,3
1575033923267300770,283,3188145360000,vehicle_info_gear,3
1575033923648484932,284,3188344104000,vehicle_info_gear,3
1575033924009473676,285,3188544124000,vehicle_info_gear,3
1575033924368829795,286,3188744673000,vehicle_info_gear,3
1575033924739619146,287,3188946016000,vehicle_info_gear,3
1575033925085005126,288,3189145183000,vehicle_info_gear,3
1575033925418599492,289,3189345172000,vehicle_info_gear,3
1575033925728213495,290,3189546618000,vehicle_info_gear,3
1575033926065066095,291,3189745506000,vehicle_info_gear,3
1575033926387771401,292,3189945494000,vehicle_info_gear,3
1575033926718940315,293,3190144393000,vehicle_info_gear,3
1575033927055163842,294,3190344095000,vehicle_info_gear,3
1575033927433958583,295,3190546290000,vehicle_info_gear,3
1575033927768032219,296,3190746965000,vehicle_info_gear,3
1575033928118499949,297,3190944313000,vehicle_info_gear,3
1575033928477182998,298,3191144378000,vehicle_info_gear,3
1575033928849042788,299,3191344039000,vehicle_info_gear,3
1575033929207815309,300,3191544003000,vehicle_info_gear,3
1575033929557609746,301,3191745004000,vehicle_info_gear,3
1575033929908548413,302,3191944879000,vehicle_info_gear,3
1575033930306082017,303,3192144821000,vehicle_info_gear,3
1575033930682539875,304,3192344041000,vehicle_info_gear,3
1575033931034400512,305,3192545329000,vehicle_info_gear,3
1575033931401647362,306,3192744571000,vehicle_info_gear,3
1575033931763999740,307,3192945431000,vehicle_info_gear,3
1575033932108405720,308,3193144144000,vehicle_info_gear,3
1575033932434846437,309,3193344037000,vehicle_info_gear,3
1575033932792210668,310,3193544007000,vehicle_info_gear,3
1575033933136823516,311,3193745681000,vehicle_info_gear,3
1575033933490894520,312,3193944222000,vehicle_info_gear,3
1575033933826254280,313,3194144455000,vehicle_info_gear,3
1575033934147719856,314,3194344088000,vehicle_info_gear,3
1575033934486870607,315,3194545154000,vehicle_info_gear,3
1575033934811263403,316,3194744688000,vehicle_info_gear,3
1575033935149618572,317,3194944378000,vehicle_info_gear,3
1575033935466185601,318,3195144243000,vehicle_info_gear,3
1575033935829450078,319,3195344115000,vehicle_info_gear,3
1575033936173116267,320,3195544420000,vehicle_info_gear,3
1575033936544966576,321,3195744119000,vehicle_info_gear,3
1575033936901688030,322,3195944053000,vehicle_info_gear,3
1575033937249884021,323,3196144274000,vehicle_info_gear,3
1575033937600680854,324,3196344345000,vehicle_info_gear,3
1575033937985701875,325,3196544470000,vehicle_info_gear,3
1575033938334906212,326,3196744100000,vehicle_info_gear,3
1575033938718655025,327,3196945030000,vehicle_info_gear,3
1575033939066362336,328,3197144491000,vehicle_info_gear,3
1575033939443412967,329,3197344564000,vehicle_info_gear,3
1575033939797711657,330,3197545714000,vehicle_info_gear,3
1575033940152341699,331,3197744342000,vehicle_info_gear,3
1575033940478231226,332,3197947114000,vehicle_info_gear,3
1575033940847127259,333,3198145088000,vehicle_info_gear,3
1575033941198944525,334,3198345241000,vehicle_info_gear,3
1575033941549394882,335,3198545295000,vehicle_info_gear,3
1575033941911155907,336,3198746971000,vehicle_info_gear,3
1575033942292414001,337,3198945382000,vehicle_info_gear,3
1575033942638953364,338,3199145411000,vehicle_info_gear,3
1575033942979123089,339,3199346380000,vehicle_info_gear,3
1575033943315060747,340,3199546394000,vehicle_info_gear,3
1575033943656053477,341,3199744000000,vehicle_info_gear,3
1575033943984586905,342,3199943853000,vehicle_info_gear,3
1575033944337565948,343,3200144352000,vehicle_info_gear,3
1575033944686858134,344,3200344070000,vehicle_info_gear,3
1575033945042975895,345,3200544364000,vehicle_info_gear,3
1575033945406324126,346,3200744308000,vehicle_info_gear,3
1575033945780437510,347,3200943993000,vehicle_info_gear,3
1575033946125030211,348,3201146428000,vehicle_info_gear,3
1575033946466786303,349,3201343995000,vehicle_info_gear,3
1575033946849687568,350,3201544077000,vehicle_info_gear,3
1575033947207394823,351,3201744067000,vehicle_info_gear,3
1575033947550506004,352,3201944070000,vehicle_info_gear,3
1575033947926501238,353,3202144069000,vehicle_info_gear,3
1575033948310487653,354,3202344661000,vehicle_info_gear,3
1575033948671132255,355,3202544191000,vehicle_info_gear,3
1575033949031424891,356,3202744536000,vehicle_info_gear,3
1575033949394128466,357,3202944269000,vehicle_info_gear,3
1575033949762663610,358,3203144216000,vehicle_info_gear,3
1575033950138255406,359,3203344020000,vehicle_info_gear,3
1575033950498671761,360,3203544176000,vehicle_info_gear,3
1575033950826754914,361,3203744318000,vehicle_info_gear,3
1575033951176654290,362,3203944755000,vehicle_info_gear,3
1575033951512420305,363,3204145956000,vehicle_info_gear,3
1575033951848443221,364,3204344919000,vehicle_info_gear,3
1575033952165922978,365,3204544841000,vehicle_info_gear,3
1575033952491347800,366,3204745227000,vehicle_info_gear,3
1575033952808446795,367,3204944804000,vehicle_info_gear,3
1575033953140501622,368,3205144311000,vehicle_info_gear,3
1575033953464884039,369,3205344590000,vehicle_info_gear,3
1575033953829729951,370,3205544348000,vehicle_info_gear,3
1575033954188496150,371,3205746136000,vehicle_info_gear,3
1575033954514057729,372,3205945025000,vehicle_info_gear,3
1575033954892243645,373,3206145211000,vehicle_info_gear,3
1575033955271529803,374,3206344418000,vehicle_info_gear,3
1575033955609451656,375,3206544565000,vehicle_info_gear,3
1575033955978930160,376,3206744199000,vehicle_info_gear,3
1575033956366988588,377,3206944328000,vehicle_info_gear,3
1575033956731637618,378,3207147356000,vehicle_info_gear,3
1575033957092727742,379,3207344385000,vehicle_info_gear,3
1575033957443442653,380,3207544297000,vehicle_info_gear,3
1575033957800446306,381,3207744466000,vehicle_info_gear,3
1575033958145384600,382,3207946292000,vehicle_info_gear,3
1575033958508461942,383,3208145166000,vehicle_info_gear,3
1575033958852194988,384,3208346983000,vehicle_info_gear,3
1575033959200056520,385,3208545669000,vehicle_info_gear,3
1575033959544736309,386,3208745655000,vehicle_info_gear,3
1575033959910672264,387,3208947642000,vehicle_info_gear,3
1575033960230169438,388,3209146200000,vehicle_info_gear,3
1575033960595327617,389,3209345149000,vehicle_info_gear,3
1575033960927072330,390,3209545225000,vehicle_info_gear,3
1575033961274026025,391,3209744865000,vehicle_info_gear,3
1575033961615995252,392,3209944482000,vehicle_info_gear,3
1575033961972203155,393,3210144238000,vehicle_info_gear,3
1575033962328669428,394,3210344280000,vehicle_info_gear,3
1575033962676964933,395,3210544397000,vehicle_info_gear,3
1575033963062462372,396,3210744506000,vehicle_info_gear,3
1575033963416531544,397,3210944323000,vehicle_info_gear,3
1575033963784131291,398,3211145088000,vehicle_info_gear,3
1575033964136670959,399,3211345319000,vehicle_info_gear,3
1575033964501263790,400,3211544329000,vehicle_info_gear,3
1575033964872739614,401,3211744281000,vehicle_info_gear,3
1575033965224816337,402,3211944158000,vehicle_info_gear,3
1575033965602968971,403,3212144578000,vehicle_info_gear,3
1575033965991879151,404,3212344558000,vehicle_info_gear,3
1575033966362513380,405,3212544825000,vehicle_info_gear,3
1575033966742924808,406,3212744626000,vehicle_info_gear,3
1575033967103490169,407,3212945247000,vehicle_info_gear,3
1575033967468267715,408,3213144617000,vehicle_info_gear,3
1575033967846819143,409,3213344207000,vehicle_info_gear,3
1575033968217852954,410,3213544605000,vehicle_info_gear,3
1575033968573444414,411,3213745190000,vehicle_info_gear,3
1575033968948413575,412,3213946326000,vehicle_info_gear,3
1575033969274768392,413,3214144400000,vehicle_info_gear,3
1575033969614797264,414,3214345643000,vehicle_info_gear,3
1575033969928177745,415,3214544390000,vehicle_info_gear,3
1575033970224311123,416,3214744297000,vehicle_info_gear,3
1575033970569188249,417,3214945145000,vehicle_info_gear,3
1575033970904601150,418,3215144480000,vehicle_info_gear,3
1575033971266461099,419,3215346390000,vehicle_info_gear,3
1575033971605053968,420,3215544305000,vehicle_info_gear,3
1575033971945448975,421,3215744046000,vehicle_info_gear,3
1575033972280130574,422,3215944426000,vehicle_info_gear,3
1575033972630729693,423,3216144525000,vehicle_info_gear,3
1575033973004981367,424,3216346010000,vehicle_info_gear,3
1575033973383127612,425,3216545930000,vehicle_info_gear,3
1575033973723899829,426,3216744522000,vehicle_info_gear,3
1575033974086727971,427,3216945026000,vehicle_info_gear,3
1575033974464004604,428,3217145008000,vehicle_info_gear,3
1575033974832014646,429,3217345418000,vehicle_info_gear,3
1575033975185883397,430,3217544877000,vehicle_info_gear,3
1575033975560904897,431,3217745364000,vehicle_info_gear,3
1575033975891726620,432,3217945111000,vehicle_info_gear,3
1575033976264389690,433,3218144637000,vehicle_info_gear,3
1575033976607752812,434,3218345484000,vehicle_info_gear,3
1575033976965623891,435,3218546111000,vehicle_info_gear,3
1575033977274689841,436,3218744600000,vehicle_info_gear,3
1575033977615485771,437,3218945217000,vehicle_info_gear,3
1575033977940329297,438,3219144088000,vehicle_info_gear,3
1575033978268761786,439,3219344704000,vehicle_info_gear,3
1575033978622898962,440,3219543936000,vehicle_info_gear,3
1575033978969468921,441,3219744225000,vehicle_info_gear,3
1575033979315862287,442,3219944177000,vehicle_info_gear,3
1575033979667505352,443,3220145081000,vehicle_info_gear,3
1575033980030378545,444,3220343989000,vehicle_info_gear,3
1575033980402442112,445,3220545020000,vehicle_info_gear,3
1575033980787627164,446,3220744979000,vehicle_info_gear,3
1575033981161984959,447,3220944959000,vehicle_info_gear,3
1575033981516516188,448,3221144983000,vehicle_info_gear,3
1575033981871995260,449,3221344084000,vehicle_info_gear,3
1575033982210267587,450,3221524833000,vehicle_info_gear,0
1575033982568160149,451,3221724805000,vehicle_info_gear,1
1575033982936257597,452,3221924805000,vehicle_info_gear,1
1575033983296626512,453,3222124833000,vehicle_info_gear,1
1575033983676496724,454,3222324805000,vehicle_info_gear,1
1575033984044546952,455,3222524805000,vehicle_info_gear,1
1575033984412469879,456,3222724805000,vehicle_info_gear,1
1575033984753736694,457,3222924805000,vehicle_info_gear,1
1575033985139161886,458,3223124805000,vehicle_info_gear,1
1575033985511595588,459,3223324862000,vehicle_info_gear,1
1575033985884037089,460,3223524862000,vehicle_info_gear,1
1575033986244740298,461,3223724217000,vehicle_info_gear,1
1575033986593424316,462,3223924805000,vehicle_info_gear,1
1575033986930273055,463,3224124805000,vehicle_info_gear,1
1575033987276446482,464,3224324189000,vehicle_info_gear,1
1575033987613709915,465,3224524805000,vehicle_info_gear,1
1575033987953661859,466,3224724805000,vehicle_info_gear,1
1575033988311245133,467,3224924208000,vehicle_info_gear,1
1575033988657380996,468,3225124805000,vehicle_info_gear,1
1575033989014018380,469,3225324805000,vehicle_info_gear,1
1575033989360182773,470,3225524833000,vehicle_info_gear,1
1575033989716591159,471,3225724864000,vehicle_info_gear,1
1575033990081197599,472,3225924927000,vehicle_info_gear,1
1575033990430435671,473,3226124833000,vehicle_info_gear,1
1575033990799948394,474,3226324805000,vehicle_info_gear,1
1575033991160813822,475,3226524805000,vehicle_info_gear,1
1575033991533240483,476,3226724903000,vehicle_info_gear,1
1575033991895237333,477,3226924805000,vehicle_info_gear,1
1575033992236814512,478,3227124875000,vehicle_info_gear,1
1575033992609460333,479,3227324891000,vehicle_info_gear,1
1575033992987785640,480,3227524862000,vehicle_info_gear,1
1575033993336470736,481,3227724475000,vehicle_info_gear,1
1575033993702224657,482,3227925030000,vehicle_info_gear,1
1575033994028958335,483,3228125484000,vehicle_info_gear,1
1575033994382565331,484,3228326968000,vehicle_info_gear,1
1575033994703765166,485,3228525058000,vehicle_info_gear,1
1575033995049801766,486,3228725037000,vehicle_info_gear,1
1575033995377950897,487,3228924186000,vehicle_info_gear,1
1575033995711876583,488,3229124362000,vehicle_info_gear,1
1575033996046480030,489,3229324380000,vehicle_info_gear,1
1575033996410854943,490,3229524383000,vehicle_info_gear,1
1575033996759376664,491,3229724503000,vehicle_info_gear,1
1575033997115688350,492,3229924645000,vehicle_info_gear,1
1575033997457113196,493,3230124381000,vehicle_info_gear,1
1575033997822000026,494,3230324921000,vehicle_info_gear,1
1575033998200374992,495,3230524927000,vehicle_info_gear,1
1575033998586491576,496,3230724967000,vehicle_info_gear,1
1575033998953284046,497,3230924971000,vehicle_info_gear,1
1575033999296189428,498,3231124972000,vehicle_info_gear,1
1575033999662403448,499,3231324967000,vehicle_info_gear,1
1575034000047887845,500,3231525016000,vehicle_info_gear,1
1575034000436270160,501,3231725137000,vehicle_info_gear,1
1575034000811979292,502,3231925016000,vehicle_info_gear,1
1575034001170904036,503,3232125062000,vehicle_info_gear,1
1575034001524480101,504,3232324593000,vehicle_info_gear,1
1575034001882782726,505,3232525106000,vehicle_info_gear,1
1575034002256476060,506,3232725049000,vehicle_info_gear,1
1575034002609163972,507,3232925047000,vehicle_info_gear,1
1575034003004165242,508,3233125022000,vehicle_info_gear,1
1575034003361324167,509,3233324215000,vehicle_info_gear,1
1575034003736432204,510,3233524426000,vehicle_info_gear,1
1575034004102781378,511,3233725045000,vehicle_info_gear,1
1575034004451258279,512,3233925045000,vehicle_info_gear,1
1575034004812074265,513,3234124545000,vehicle_info_gear,1
1575034005144805643,514,3234324864000,vehicle_info_gear,1
1575034005491127617,515,3234524864000,vehicle_info_gear,1
1575034005854049099,516,3234724463000,vehicle_info_gear,1
1575034006203826198,517,3234924971000,vehicle_info_gear,1
1575034006573010758,518,3235124805000,vehicle_info_gear,1
1575034006939703173,519,3235324966000,vehicle_info_gear,1
1575034007304435548,520,3235524853000,vehicle_info_gear,1
1575034007685227079,521,3235724865000,vehicle_info_gear,1
1575034008040909744,522,3235924931000,vehicle_info_gear,1
1575034008423706908,523,3236124864000,vehicle_info_gear,1
1575034008787625485,524,3236324805000,vehicle_info_gear,1
1575034009159784096,525,3236524919000,vehicle_info_gear,1
1575034009512918652,526,3236724983000,vehicle_info_gear,1
1575034009896059882,527,3236924868000,vehicle_info_gear,1
1575034010266270354,528,3237124906000,vehicle_info_gear,1
1575034010631720184,529,3237324869000,vehicle_info_gear,1
1575034010995962748,530,3237525021000,vehicle_info_gear,1
1575034011358645848,531,3237725889000,vehicle_info_gear,1
1575034011732348150,532,3237925874000,vehicle_info_gear,1
1575034011895568008,533,3238024805000,vehicle_info_gear,0
1575034012255503953,534,3238224841000,vehicle_info_gear,3
1575034012603709744,535,3238424805000,vehicle_info_gear,3
1575034012952157089,536,3238624805000,vehicle_info_gear,3
1575034013273605422,537,3238824832000,vehicle_info_gear,3
1575034013618080225,538,3239024805000,vehicle_info_gear,3
1575034013950328421,539,3239224805000,vehicle_info_gear,3
1575034014297876235,540,3239424832000,vehicle_info_gear,3
1575034014615796350,541,3239624805000,vehicle_info_gear,3
1575034014955896292,542,3239824805000,vehicle_info_gear,3
1575034015296858741,543,3240024809000,vehicle_info_gear,3
1575034015641981185,544,3240224935000,vehicle_info_gear,3
1575034016003681962,545,3240424933000,vehicle_info_gear,3
1575034016372522476,546,3240624863000,vehicle_info_gear,3
1575034016729286441,547,3240824981000,vehicle_info_gear,3
1575034017103976357,548,3241024946000,vehicle_info_gear,3
1575034017466775163,549,3241224938000,vehicle_info_gear,3
1575034017871011642,550,3241424584000,vehicle_info_gear,3
1575034018224021902,551,3241624820000,vehicle_info_gear,3
1575034018586034011,552,3241824705000,vehicle_info_gear,3
1575034018931101037,553,3242024680000,vehicle_info_gear,3
1575034019296452433,554,3242224738000,vehicle_info_gear,3
1575034019679635355,555,3242424638000,vehicle_info_gear,3
1575034020020791658,556,3242625030000,vehicle_info_gear,3
1575034020389031401,557,3242824552000,vehicle_info_gear,3
1575034020744601803,558,3243025045000,vehicle_info_gear,3
1575034021103406100,559,3243224964000,vehicle_info_gear,3
1575034021441565566,560,3243424903000,vehicle_info_gear,3
1575034021808770421,561,3243624970000,vehicle_info_gear,3
1575034022166693666,562,3243824959000,vehicle_info_gear,3
1575034022520209902,563,3244025072000,vehicle_info_gear,3
1575034022855913058,564,3244224929000,vehicle_info_gear,3
1575034023193416878,565,3244424969000,vehicle_info_gear,3
1575034023532032101,566,3244624964000,vehicle_info_gear,3
1575034023904472845,567,3244824965000,vehicle_info_gear,3
1575034024273596769,568,3245024543000,vehicle_info_gear,3
1575034024627877197,569,3245225112000,vehicle_info_gear,3
1575034025013919161,570,3245424811000,vehicle_info_gear,3
1575034025374685323,571,3245624980000,vehicle_info_gear,3
1575034025748884281,572,3245825028000,vehicle_info_gear,3
1575034026102064747,573,3246024991000,vehicle_info_gear,3
1575034026470853636,574,3246225009000,vehicle_info_gear,3
1575034026818758496,575,3246425096000,vehicle_info_gear,3
1575034027203987795,576,3246625055000,vehicle_info_gear,3
1575034027557915760,577,3246824970000,vehicle_info_gear,3
1575034027897862881,578,3247024931000,vehicle_info_gear,3
1575034028292955973,579,3247226017000,vehicle_info_gear,3
1575034028670877219,580,3247425550000,vehicle_info_gear,3
1575034029038242949,581,3247626187000,vehicle_info_gear,3
1575034029414882207,582,3247824921000,vehicle_info_gear,3
1575034029758490286,583,3248024459000,vehicle_info_gear,3
1575034030142799561,584,3248225021000,vehicle_info_gear,3
1575034030498928798,585,3248424976000,vehicle_info_gear,3
1575034030845570734,586,3248624532000,vehicle_info_gear,3
1575034031191836713,587,3248825011000,vehicle_info_gear,3
1575034031545954772,588,3249025048000,vehicle_info_gear,3
1575034031889888630,589,3249225017000,vehicle_info_gear,3
1575034032239199106,590,3249424904000,vehicle_info_gear,3
1575034032585726522,591,3249625046000,vehicle_info_gear,3
1575034032965538332,592,3249825046000,vehicle_info_gear,3
1575034033328383914,593,3250025045000,vehicle_info_gear,3
1575034033678236824,594,3250225017000,vehicle_info_gear,3
1575034034040663101,595,3250425016000,vehicle_info_gear,3
1575034034384455236,596,3250625019000,vehicle_info_gear,3
1575034034731801634,597,3250824992000,vehicle_info_gear,3
1575034035116036471,598,3251025054000,vehicle_info_gear,3
1575034035482251077,599,3251224992000,vehicle_info_gear,3
1575034035845171524,600,3251425017000,vehicle_info_gear,3
1575034036209100369,601,3251625036000,vehicle_info_gear,3
1575034036582721766,602,3251825017000,vehicle_info_gear,3
1575034036951591998,603,3252025106000,vehicle_info_gear,3
1575034037308953889,604,3252225007000,vehicle_info_gear,3
1575034037673908101,605,3252425031000,vehicle_info_gear,3
1575034037998177423,606,3252624684000,vehicle_info_gear,3
1575034038361090560,607,3252824990000,vehicle_info_gear,3
1575034038710886564,608,3253025125000,vehicle_info_gear,3
1575034039039537105,609,3253224835000,vehicle_info_gear,3
1575034039362344752,610,3253425201000,vehicle_info_gear,3
1575034039698707836,611,3253625187000,vehicle_info_gear,3
1575034040066426176,612,3253825154000,vehicle_info_gear,3
1575034040428573471,613,3254026075000,vehicle_info_gear,3
1575034040763431650,614,3254224895000,vehicle_info_gear,3
1575034041140513726,615,3254425004000,vehicle_info_gear,3
1575034041489141673,616,3254624835000,vehicle_info_gear,3
1575034041854386305,617,3254824904000,vehicle_info_gear,3
1575034042202731913,618,3255024956000,vehicle_info_gear,3
1575034042580538743,619,3255226092000,vehicle_info_gear,3
1575034042952364396,620,3255425038000,vehicle_info_gear,3
1575034043312954353,621,3255625063000,vehicle_info_gear,3
1575034043673447966,622,3255825888000,vehicle_info_gear,3
1575034044043355261,623,3256025035000,vehicle_info_gear,3
1575034044412188487,624,3256226093000,vehicle_info_gear,3
1575034044776537015,625,3256426048000,vehicle_info_gear,3
1575034045139010289,626,3256624984000,vehicle_info_gear,3
1575034045520766295,627,3256825187000,vehicle_info_gear,3
1575034045879973263,628,3257025921000,vehicle_info_gear,3
1575034046242156958,629,3257226096000,vehicle_info_gear,3
1575034046620637998,630,3257425006000,vehicle_info_gear,3
1575034046968781171,631,3257624909000,vehicle_info_gear,3
1575034047329124395,632,3257824871000,vehicle_info_gear,3
1575034047674733872,633,3258025039000,vehicle_info_gear,3
1575034048036947003,634,3258224922000,vehicle_info_gear,3
1575034048386630774,635,3258424941000,vehicle_info_gear,3
1575034048737368278,636,3258625173000,vehicle_info_gear,3
1575034049107391263,637,3258825067000,vehicle_info_gear,3
1575034049459183665,638,3259024904000,vehicle_info_gear,3
1575034049846621449,639,3259224974000,vehicle_info_gear,3
1575034050204716573,640,3259425005000,vehicle_info_gear,3
1575034050548533103,641,3259625081000,vehicle_info_gear,3
1575034050927191344,642,3259824938000,vehicle_info_gear,3
1575034051256279639,643,3260025010000,vehicle_info_gear,3
1575034051635885066,644,3260224902000,vehicle_info_gear,3
1575034051999943966,645,3260424971000,vehicle_info_gear,3
1575034052362363791,646,3260625030000,vehicle_info_gear,3
1575034052714638338,647,3260825100000,vehicle_info_gear,3
1575034053073163878,648,3261025981000,vehicle_info_gear,3
1575034053423217099,649,3261225077000,vehicle_info_gear,3
1575034053787439225,650,3261425045000,vehicle_info_gear,3
1575034054146385956,651,3261625043000,vehicle_info_gear,3
1575034054518503341,652,3261825024000,vehicle_info_gear,3
1575034054887128863,653,3262025271000,vehicle_info_gear,3
1575034055272505055,654,3262225035000,vehicle_info_gear,3
1575034055611739067,655,3262424921000,vehicle_info_gear,3
1575034055965891386,656,3262625034000,vehicle_info_gear,3
1575034056327002106,657,3262825089000,vehicle_info_gear,3
1575034056679586329,658,3263024896000,vehicle_info_gear,3
1575034057020433610,659,3263225059000,vehicle_info_gear,3
1575034057372377793,660,3263425152000,vehicle_info_gear,3
1575034057697460223,661,3263625999000,vehicle_info_gear,3
1575034058047116801,662,3263825047000,vehicle_info_gear,3
1575034058382841912,663,3264025115000,vehicle_info_gear,3
1575034058732586920,664,3264225012000,vehicle_info_gear,3
1575034059105689151,665,3264425038000,vehicle_info_gear,3
1575034059448407959,666,3264625063000,vehicle_info_gear,3
1575034059799343422,667,3264825209000,vehicle_info_gear,3
1575034060173171298,668,3265025131000,vehicle_info_gear,3
1575034060532090830,669,3265225455000,vehicle_info_gear,3
1575034060912885109,670,3265425460000,vehicle_info_gear,3
1575034061281126677,671,3265625582000,vehicle_info_gear,3
1575034061639627790,672,3265825672000,vehicle_info_gear,3
1575034062002317267,673,3266025702000,vehicle_info_gear,3
1575034062374926762,674,3266225098000,vehicle_info_gear,3
1575034062748512412,675,3266425413000,vehicle_info_gear,3
1575034063120567537,676,3266625955000,vehicle_info_gear,3
1575034063450511179,677,3266826108000,vehicle_info_gear,3
1575034063816216892,678,3267025260000,vehicle_info_gear,3
1575034064200461887,679,3267226151000,vehicle_info_gear,3
1575034064545119897,680,3267424921000,vehicle_info_gear,3
1575034064909734472,681,3267625012000,vehicle_info_gear,3
1575034065264799431,682,3267825155000,vehicle_info_gear,3
1575034065619535175,683,3268024947000,vehicle_info_gear,3
1575034065972551204,684,3268225027000,vehicle_info_gear,3
1575034066343308096,685,3268424922000,vehicle_info_gear,3
1575034066726629492,686,3268625037000,vehicle_info_gear,3
1575034067047999721,687,3268825098000,vehicle_info_gear,3
1575034067386723230,688,3269025159000,vehicle_info_gear,3
1575034067741645846,689,3269225104000,vehicle_info_gear,3
1575034068072495547,690,3269425269000,vehicle_info_gear,3
1575034068391137339,691,3269625093000,vehicle_info_gear,3
1575034068752516033,692,3269825036000,vehicle_info_gear,3
1575034069099099359,693,3270025156000,vehicle_info_gear,3
1575034069452524100,694,3270225060000,vehicle_info_gear,3
1575034069832498598,695,3270426019000,vehicle_info_gear,3
1575034070194414861,696,3270625024000,vehicle_info_gear,3
1575034070569969182,697,3270825195000,vehicle_info_gear,3
1575034070943594723,698,3271025070000,vehicle_info_gear,3
1575034071307606516,699,3271226065000,vehicle_info_gear,3
1575034071678835107,700,3271425039000,vehicle_info_gear,3
1575034072048869512,701,3271625377000,vehicle_info_gear,3
1575034072427176298,702,3271825191000,vehicle_info_gear,3
1575034072818154878,703,3272025019000,vehicle_info_gear,3
1575034073171163630,704,3272225043000,vehicle_info_gear,3
1575034073548238541,705,3272425038000,vehicle_info_gear,3
1575034073895738815,706,3272626079000,vehicle_info_gear,3
1575034074252284482,707,3272826165000,vehicle_info_gear,3
1575034074579909943,708,3273025196000,vehicle_info_gear,3
1575034074942756700,709,3273226064000,vehicle_info_gear,3
1575034075297246075,710,3273425553000,vehicle_info_gear,3
1575034075614247601,711,3273626019000,vehicle_info_gear,3
1575034075954761111,712,3273825089000,vehicle_info_gear,3
1575034076288017895,713,3274025416000,vehicle_info_gear,3
1575034076624561272,714,3274225008000,vehicle_info_gear,3
1575034076976480312,715,3274425063000,vehicle_info_gear,3
1575034077325559318,716,3274625262000,vehicle_info_gear,3
1575034077683421626,717,3274825865000,vehicle_info_gear,3
1575034078035266233,718,3275025995000,vehicle_info_gear,3
1575034078409877001,719,3275225494000,vehicle_info_gear,3
1575034078779340399,720,3275425964000,vehicle_info_gear,3
1575034079166134645,721,3275625999000,vehicle_info_gear,3
1575034079515588117,722,3275825215000,vehicle_info_gear,3
1575034079886338871,723,3276026023000,vehicle_info_gear,3
1575034080259061776,724,3276225907000,vehicle_info_gear,3
1575034080633725949,725,3276426599000,vehicle_info_gear,3
1575034080973016399,726,3276625012000,vehicle_info_gear,3
1575034081332109318,727,3276824917000,vehicle_info_gear,3
1575034081706416350,728,3277025935000,vehicle_info_gear,3
1575034082056482943,729,3277225069000,vehicle_info_gear,3
1575034082432013915,730,3277424912000,vehicle_info_gear,3
1575034082783250752,731,3277625032000,vehicle_info_gear,3
1575034083145886270,732,3277825561000,vehicle_info_gear,3
1575034083502651707,733,3278025291000,vehicle_info_gear,3
1575034083864054731,734,3278225120000,vehicle_info_gear,3
1575034084220511503,735,3278425114000,vehicle_info_gear,3
1575034084565251706,736,3278625150000,vehicle_info_gear,3
1575034084912565394,737,3278825939000,vehicle_info_gear,3
1575034085245459868,738,3279025896000,vehicle_info_gear,3
1575034085584603432,739,3279225439000,vehicle_info_gear,3
1575034085954235633,740,3279426019000,vehicle_info_gear,3
1575034086303338215,741,3279625999000,vehicle_info_gear,3
1575034086680131446,742,3279825982000,vehicle_info_gear,3
1575034087032378128,743,3280025949000,vehicle_info_gear,3
1575034087407435238,744,3280226059000,vehicle_info_gear,3
1575034087784504014,745,3280425967000,vehicle_info_gear,3
1575034088123408564,746,3280625964000,vehicle_info_gear,3
1575034088478528662,747,3280825982000,vehicle_info_gear,3
1575034088849051206,748,3281025043000,vehicle_info_gear,3
1575034089220876507,749,3281225960000,vehicle_info_gear,3
1575034089559999061,750,3281425947000,vehicle_info_gear,3
1575034089916879394,751,3281625024000,vehicle_info_gear,3
1575034090311017576,752,3281825805000,vehicle_info_gear,3
1575034090687645557,753,3282026079000,vehicle_info_gear,3
1575034091054923753,754,3282225983000,vehicle_info_gear,3
1575034091417896724,755,3282425906000,vehicle_info_gear,3
1575034091761473332,756,3282625931000,vehicle_info_gear,3
1575034092097303141,757,3282825876000,vehicle_info_gear,3
1575034092461531201,758,3283025985000,vehicle_info_gear,3
1575034092804802735,759,3283225168000,vehicle_info_gear,3
1575034093137573608,760,3283425994000,vehicle_info_gear,3
1575034093461452431,761,3283626021000,vehicle_info_gear,3
1575034093800716563,762,3283825580000,vehicle_info_gear,3
1575034094155221619,763,3284025965000,vehicle_info_gear,3
1575034094494786298,764,3284226027000,vehicle_info_gear,3
1575034094839853726,765,3284425482000,vehicle_info_gear,3
1575034095155974400,766,3284625948000,vehicle_info_gear,3
1575034095497732918,767,3284825898000,vehicle_info_gear,3
1575034095824212384,768,3285025574000,vehicle_info_gear,3
1575034096188628915,769,3285225903000,vehicle_info_gear,3
1575034096544480302,770,3285425820000,vehicle_info_gear,3
1575034096894990387,771,3285626009000,vehicle_info_gear,3
1575034097259053572,772,3285827040000,vehicle_info_gear,3
1575034097649984053,773,3286026876000,vehicle_info_gear,3
1575034098030208455,774,3286226127000,vehicle_info_gear,3
1575034098412915046,775,3286425904000,vehicle_info_gear,3
1575034098746951452,776,3286626099000,vehicle_info_gear,3
1575034099095727876,777,3286826002000,vehicle_info_gear,3
1575034099468475441,778,3287026023000,vehicle_info_gear,3
1575034099813880852,779,3287225991000,vehicle_info_gear,3
1575034100148497037,780,3287425912000,vehicle_info_gear,3
1575034100508638675,781,3287625876000,vehicle_info_gear,3
1575034100871326250,782,3287825319000,vehicle_info_gear,3
1575034101210214191,783,3288025876000,vehicle_info_gear,3
1575034101558798027,784,3288226020000,vehicle_info_gear,3
1575034101909892398,785,3288425541000,vehicle_info_gear,3
1575034102236180050,786,3288625931000,vehicle_info_gear,3
1575034102574938804,787,3288826033000,vehicle_info_gear,3
1575034102941853269,788,3289025513000,vehicle_info_gear,3
1575034103298963385,789,3289226104000,vehicle_info_gear,3
1575034103678115543,790,3289425182000,vehicle_info_gear,3
1575034104031511606,791,3289625985000,vehicle_info_gear,3
1575034104381133743,792,3289826049000,vehicle_info_gear,3
1575034104763500672,793,3290025954000,vehicle_info_gear,3
1575034105154599178,794,3290225206000,vehicle_info_gear,3
1575034105545125078,795,3290425500000,vehicle_info_gear,3
1575034105884576095,796,3290625427000,vehicle_info_gear,3
1575034106255896128,797,3290826400000,vehicle_info_gear,3
1575034106610542685,798,3291025916000,vehicle_info_gear,3
1575034106994407940,799,3291226067000,vehicle_info_gear,3
1575034107345662123,800,3291425946000,vehicle_info_gear,3
1575034107740432464,801,3291625806000,vehicle_info_gear,3
1575034108090575175,802,3291825931000,vehicle_info_gear,3
1575034108472806937,803,3292026027000,vehicle_info_gear,3
1575034108828621740,804,3292225947000,vehicle_info_gear,3
1575034109192926893,805,3292425524000,vehicle_info_gear,3
1575034109549634961,806,3292626017000,vehicle_info_gear,3
1575034109897475738,807,3292825969000,vehicle_info_gear,3
1575034110229902041,808,3293025645000,vehicle_info_gear,3
1575034110591688385,809,3293225959000,vehicle_info_gear,3
1575034110952147358,810,3293425309000,vehicle_info_gear,3
1575034111298118322,811,3293625350000,vehicle_info_gear,3
1575034111628043673,812,3293826018000,vehicle_info_gear,3
1575034111978650700,813,3294025985000,vehicle_info_gear,3
1575034112306876932,814,3294226091000,vehicle_info_gear,3
1575034112637394373,815,3294425921000,vehicle_info_gear,3
1575034112956620523,816,3294625876000,vehicle_info_gear,3
1575034113305088558,817,3294825931000,vehicle_info_gear,3
1575034113645748963,818,3295025596000,vehicle_info_gear,3
1575034113992451912,819,3295225581000,vehicle_info_gear,3
1575034114346188015,820,3295426324000,vehicle_info_gear,3
1575034114719120299,821,3295627002000,vehicle_info_gear,3
1575034115078860597,822,3295826020000,vehicle_info_gear,3
1575034115440013740,823,3296026115000,vehicle_info_gear,3
1575034115810701919,824,3296226000000,vehicle_info_gear,3
1575034116207312335,825,3296426017000,vehicle_info_gear,3
1575034116556672431,826,3296625924000,vehicle_info_gear,3
1575034116935905082,827,3296825905000,vehicle_info_gear,3
1575034117292883091,828,3297025942000,vehicle_info_gear,3
1575034117648738312,829,3297225863000,vehicle_info_gear,3
1575034117980975376,830,3297425928000,vehicle_info_gear,3
1575034118300925477,831,3297625357000,vehicle_info_gear,3
1575034118640770391,832,3297825805000,vehicle_info_gear,3
1575034118964691973,833,3298025805000,vehicle_info_gear,3
1575034119302451243,834,3298225805000,vehicle_info_gear,3
1575034119614441756,835,3298425805000,vehicle_info_gear,3
1575034119938563569,836,3298625805000,vehicle_info_gear,3
1575034120265067526,837,3298825833000,vehicle_info_gear,3
1575034120626114419,838,3299025805000,vehicle_info_gear,3
1575034120834166708,839,3299145286000,vehicle_info_gear,0
1575034121190118329,840,3299345875000,vehicle_info_gear,0
1575034121235599138,841,3299365398000,vehicle_info_gear,1
1575034121586876706,842,3299566410000,vehicle_info_gear,1
1575034121949831852,843,3299765599000,vehicle_info_gear,1
1575034122325214271,844,3299965512000,vehicle_info_gear,1
1575034122680403138,845,3300165645000,vehicle_info_gear,1
1575034123038646978,846,3300366129000,vehicle_info_gear,1
1575034123407755542,847,3300566014000,vehicle_info_gear,1
1575034123765278461,848,3300766035000,vehicle_info_gear,1
1575034124120228927,849,3300966131000,vehicle_info_gear,1
1575034124468135586,850,3301165455000,vehicle_info_gear,1
1575034124838249545,851,3301366202000,vehicle_info_gear,1
1575034125190397275,852,3301566248000,vehicle_info_gear,1
1575034125548806423,853,3301767513000,vehicle_info_gear,1
1575034125886108289,854,3301966167000,vehicle_info_gear,1
1575034126240399408,855,3302165460000,vehicle_info_gear,1
1575034126589366758,856,3302368341000,vehicle_info_gear,1
1575034126934845409,857,3302566273000,vehicle_info_gear,1
1575034127304643984,858,3302766241000,vehicle_info_gear,1
1575034127673927308,859,3302965911000,vehicle_info_gear,1
1575034128034451415,860,3303166052000,vehicle_info_gear,1
1575034128374072976,861,3303366116000,vehicle_info_gear,1
1575034128733331263,862,3303565903000,vehicle_info_gear,1
1575034129070680866,863,3303766190000,vehicle_info_gear,1
1575034129427812574,864,3303965608000,vehicle_info_gear,1
1575034129782128365,865,3304166008000,vehicle_info_gear,1
1575034130139176481,866,3304366400000,vehicle_info_gear,1
1575034130479792405,867,3304566699000,vehicle_info_gear,1
1575034130837034072,868,3304767506000,vehicle_info_gear,1
1575034131208927653,869,3304967282000,vehicle_info_gear,1
1575034131561708867,870,3305168598000,vehicle_info_gear,1
1575034131907353031,871,3305368375000,vehicle_info_gear,1
1575034132261637495,872,3305565699000,vehicle_info_gear,1
1575034132622641528,873,3305765865000,vehicle_info_gear,1
1575034133004563222,874,3305965486000,vehicle_info_gear,1
1575034133367634917,875,3306166274000,vehicle_info_gear,1
1575034133748882597,876,3306365664000,vehicle_info_gear,1
1575034134113924313,877,3306566042000,vehicle_info_gear,1
1575034134457873702,878,3306767132000,vehicle_info_gear,1
1575034134851527420,879,3306966467000,vehicle_info_gear,1
1575034135218177939,880,3307165568000,vehicle_info_gear,1
1575034135586174967,881,3307366312000,vehicle_info_gear,1
1575034135945065135,882,3307565856000,vehicle_info_gear,1
1575034136254704495,883,3307766049000,vehicle_info_gear,1
1575034136592629696,884,3307965985000,vehicle_info_gear,1
1575034136916070705,885,3308166011000,vehicle_info_gear,1
1575034137239014783,886,3308365995000,vehicle_info_gear,1
1575034137592396306,887,3308566654000,vehicle_info_gear,1
1575034137911151729,888,3308765547000,vehicle_info_gear,1
1575034138265191411,889,3308966713000,vehicle_info_gear,1
1575034138620249912,890,3309167174000,vehicle_info_gear,1
1575034138970330928,891,3309366450000,vehicle_info_gear,1
1575034139317127632,892,3309566959000,vehicle_info_gear,1
1575034139660418103,893,3309765982000,vehicle_info_gear,1
1575034140025317490,894,3309965713000,vehicle_info_gear,1
1575034140358061828,895,3310167371000,vehicle_info_gear,1
1575034140728975888,896,3310366466000,vehicle_info_gear,1
1575034141109898950,897,3310565546000,vehicle_info_gear,1
1575034141473898492,898,3310766472000,vehicle_info_gear,1
1575034141843841223,899,3310966509000,vehicle_info_gear,1
1575034142194463507,900,3311166118000,vehicle_info_gear,1
1575034142546318480,901,3311366966000,vehicle_info_gear,1
1575034142894164125,902,3311566475000,vehicle_info_gear,1
1575034143254614034,903,3311766896000,vehicle_info_gear,1
1575034143611505131,904,3311965995000,vehicle_info_gear,1
1575034143944489391,905,3312166857000,vehicle_info_gear,1
1575034144266431960,906,3312366174000,vehicle_info_gear,1
1575034144606921052,907,3312566285000,vehicle_info_gear,1
1575034144929829042,908,3312767574000,vehicle_info_gear,1
1575034145279815494,909,3312966990000,vehicle_info_gear,1
1575034145631413475,910,3313166021000,vehicle_info_gear,1
1575034145970418288,911,3313366062000,vehicle_info_gear,1
1575034146334398863,912,3313566461000,vehicle_info_gear,1
1575034146680924076,913,3313766425000,vehicle_info_gear,1
1575034147056870977,914,3313967190000,vehicle_info_gear,1
1575034147392903418,915,3314167335000,vehicle_info_gear,1
1575034147729462849,916,3314368040000,vehicle_info_gear,1
1575034148093562369,917,3314568367000,vehicle_info_gear,1
1575034148461503680,918,3314769619000,vehicle_info_gear,1
1575034148826526225,919,3314966487000,vehicle_info_gear,1
1575034149182904736,920,3315167015000,vehicle_info_gear,1
1575034149557712787,921,3315366239000,vehicle_info_gear,1
1575034149909460061,922,3315566433000,vehicle_info_gear,1
1575034150261747534,923,3315766065000,vehicle_info_gear,1
1575034150626069511,924,3315966437000,vehicle_info_gear,1
1575034150987832420,925,3316167200000,vehicle_info_gear,1
1575034151342851374,926,3316367025000,vehicle_info_gear,1
1575034151704377146,927,3316566315000,vehicle_info_gear,1
1575034152072486573,928,3316765974000,vehicle_info_gear,1
1575034152432419800,929,3316966747000,vehicle_info_gear,1
1575034152785275312,930,3317167150000,vehicle_info_gear,1
1575034153116040927,931,3317366457000,vehicle_info_gear,1
1575034153458618084,932,3317565665000,vehicle_info_gear,1
1575034153779907216,933,3317766368000,vehicle_info_gear,1
1575034154117282765,934,3317966079000,vehicle_info_gear,1
1575034154456598890,935,3318165596000,vehicle_info_gear,1
1575034154803597266,936,3318366953000,vehicle_info_gear,1
1575034155140891319,937,3318566392000,vehicle_info_gear,1
1575034155510939787,938,3318766370000,vehicle_info_gear,1
1575034155870968522,939,3318966259000,vehicle_info_gear,1
1575034156204711571,940,3319166094000,vehicle_info_gear,1
1575034156570845120,941,3319366587000,vehicle_info_gear,1
1575034156918161184,942,3319566477000,vehicle_info_gear,1
1575034157266554660,943,3319767919000,vehicle_info_gear,1
1575034157607938953,944,3319966300000,vehicle_info_gear,1
1575034157962914591,945,3320166204000,vehicle_info_gear,1
1575034158312479648,946,3320365975000,vehicle_info_gear,1
1575034158677324500,947,3320566617000,vehicle_info_gear,1
1575034159026364834,948,3320767896000,vehicle_info_gear,1
1575034159380384657,949,3320966980000,vehicle_info_gear,1
1575034159733619953,950,3321167981000,vehicle_info_gear,1
1575034160077533746,951,3321367030000,vehicle_info_gear,1
1575034160183622884,952,3321425956000,vehicle_info_gear,0
1575034160509810140,953,3321625924000,vehicle_info_gear,3
1575034160849675704,954,3321825924000,vehicle_info_gear,3
1575034161165827532,955,3322025956000,vehicle_info_gear,3
1575034161516480476,956,3322226902000,vehicle_info_gear,3
1575034161852456934,957,3322426968000,vehicle_info_gear,3
1575034162182670085,958,3322627863000,vehicle_info_gear,3
1575034162503790856,959,3322826890000,vehicle_info_gear,3
1575034162832218219,960,3323026925000,vehicle_info_gear,3
1575034163158766344,961,3323226986000,vehicle_info_gear,3
1575034163500534995,962,3323426904000,vehicle_info_gear,3
1575034163828724340,963,3323627863000,vehicle_info_gear,3
1575034164208363125,964,3323826964000,vehicle_info_gear,3
1575034164560248317,965,3324027925000,vehicle_info_gear,3
1575034164924096681,966,3324227976000,vehicle_info_gear,3
1575034165288535338,967,3324428546000,vehicle_info_gear,3
1575034165649501479,968,3324626353000,vehicle_info_gear,3
1575034166024200537,969,3324828582000,vehicle_info_gear,3
1575034166378041524,970,3325026203000,vehicle_info_gear,3
1575034166725629989,971,3325228412000,vehicle_info_gear,3
1575034167077281573,972,3325427056000,vehicle_info_gear,3
1575034167424832693,973,3325626413000,vehicle_info_gear,3
1575034167789081274,974,3325827089000,vehicle_info_gear,3
1575034168168697322,975,3326027061000,vehicle_info_gear,3
1575034168525663060,976,3326226967000,vehicle_info_gear,3
1575034168876440484,977,3326426884000,vehicle_info_gear,3
1575034169248229117,978,3326626980000,vehicle_info_gear,3
1575034169619083302,979,3326826898000,vehicle_info_gear,3
1575034169992007857,980,3327026692000,vehicle_info_gear,3
1575034170355468540,981,3327227213000,vehicle_info_gear,3
1575034170698803563,982,3327426899000,vehicle_info_gear,3
1575034171019364348,983,3327626829000,vehicle_info_gear,3
1575034171345636946,984,3327826906000,vehicle_info_gear,3
1575034171654983733,985,3328026968000,vehicle_info_gear,3
1575034171988315521,986,3328226965000,vehicle_info_gear,3
1575034172332920173,987,3328427037000,vehicle_info_gear,3
1575034172674488430,988,3328627020000,vehicle_info_gear,3
1575034173032181676,989,3328826993000,vehicle_info_gear,3
1575034173383242890,990,3329026994000,vehicle_info_gear,3
1575034173748062313,991,3329228162000,vehicle_info_gear,3
1575034174111662255,992,3329427952000,vehicle_info_gear,3
1575034174467632558,993,3329627422000,vehicle_info_gear,3
1575034174811565218,994,3329826953000,vehicle_info_gear,3
1575034175171363650,995,3330027055000,vehicle_info_gear,3
1575034175536442185,996,3330226966000,vehicle_info_gear,3
1575034175902449263,997,3330426889000,vehicle_info_gear,3
1575034176252443090,998,3330626942000,vehicle_info_gear,3
1575034176599863505,999,3330826912000,vehicle_info_gear,3
1575034176953964896,1000,3331026874000,vehicle_info_gear,3
1575034177319824018,1001,3331226958000,vehicle_info_gear,3
1575034177682596400,1002,3331426949000,vehicle_info_gear,3
1575034178032751706,1003,3331626904000,vehicle_info_gear,3
1575034178350210904,1004,3331826611000,vehicle_info_gear,3
1575034178712187969,1005,3332026865000,vehicle_info_gear,3
1575034179060751117,1006,3332226874000,vehicle_info_gear,3
1575034179389244602,1007,3332426482000,vehicle_info_gear,3
1575034179719068013,1008,3332627047000,vehicle_info_gear,3
1575034180053548325,1009,3332827989000,vehicle_info_gear,3
1575034180369458884,1010,3333027985000,vehicle_info_gear,3
1575034180695666671,1011,3333228035000,vehicle_info_gear,3
1575034181063066310,1012,3333428970000,vehicle_info_gear,3
1575034181429269492,1013,3333627937000,vehicle_info_gear,3
1575034181783061368,1014,3333827892000,vehicle_info_gear,3
1575034182141179272,1015,3334028107000,vehicle_info_gear,3
1575034182509006817,1016,3334228970000,vehicle_info_gear,3
1575034182875281160,1017,3334429013000,vehicle_info_gear,3
1575034183244487060,1018,3334626924000,vehicle_info_gear,3
1575034183595349948,1019,3334826896000,vehicle_info_gear,3
1575034183954135476,1020,3335026928000,vehicle_info_gear,3
1575034184327106286,1021,3335226887000,vehicle_info_gear,3
1575034184690973642,1022,3335426955000,vehicle_info_gear,3
1575034185025116836,1023,3335626947000,vehicle_info_gear,3
1575034185388939256,1024,3335826931000,vehicle_info_gear,3
1575034185750852875,1025,3336027075000,vehicle_info_gear,3
1575034186124185980,1026,3336226943000,vehicle_info_gear,3
1575034186477489038,1027,3336426876000,vehicle_info_gear,3
1575034186845060410,1028,3336626967000,vehicle_info_gear,3
1575034187177658325,1029,3336826988000,vehicle_info_gear,3
1575034187532576645,1030,3337026880000,vehicle_info_gear,3
1575034187891129985,1031,3337226881000,vehicle_info_gear,3
1575034188254694537,1032,3337426990000,vehicle_info_gear,3
1575034188584613940,1033,3337627172000,vehicle_info_gear,3
1575034188954834340,1034,3337826970000,vehicle_info_gear,3
1575034189301699104,1035,3338027090000,vehicle_info_gear,3
1575034189637669318,1036,3338227040000,vehicle_info_gear,3
1575034189996105405,1037,3338427076000,vehicle_info_gear,3
1575034190366201949,1038,3338627110000,vehicle_info_gear,3
1575034190707693579,1039,3338827034000,vehicle_info_gear,3
1575034191050389608,1040,3339027083000,vehicle_info_gear,3
1575034191390075839,1041,3339227245000,vehicle_info_gear,3
1575034191770914823,1042,3339427462000,vehicle_info_gear,3
1575034192124614145,1043,3339626919000,vehicle_info_gear,3
1575034192471400818,1044,3339826876000,vehicle_info_gear,3
1575034192833663171,1045,3340026689000,vehicle_info_gear,3
1575034193202757804,1046,3340227019000,vehicle_info_gear,3
1575034193564475232,1047,3340427017000,vehicle_info_gear,3
1575034193935998348,1048,3340627069000,vehicle_info_gear,3
1575034194306212980,1049,3340827047000,vehicle_info_gear,3
1575034194665225745,1050,3341026999000,vehicle_info_gear,3
1575034195037255593,1051,3341227018000,vehicle_info_gear,3
1575034195399626655,1052,3341426930000,vehicle_info_gear,3
1575034195787118264,1053,3341627018000,vehicle_info_gear,3
1575034196149562823,1054,3341827006000,vehicle_info_gear,3
1575034196468548000,1055,3342027022000,vehicle_info_gear,3
1575034196787693131,1056,3342227076000,vehicle_info_gear,3
1575034197126122288,1057,3342426950000,vehicle_info_gear,3
1575034197450853885,1058,3342627007000,vehicle_info_gear,3
1575034197775713959,1059,3342828009000,vehicle_info_gear,3
1575034198077194383,1060,3343028042000,vehicle_info_gear,3
1575034198420429537,1061,3343227826000,vehicle_info_gear,3
1575034198751303535,1062,3343427895000,vehicle_info_gear,3
1575034199087432939,1063,3343628125000,vehicle_info_gear,3
1575034199435227978,1064,3343828046000,vehicle_info_gear,3
1575034199761703110,1065,3344027929000,vehicle_info_gear,3
1575034200113319561,1066,3344226891000,vehicle_info_gear,3
1575034200470551565,1067,3344427031000,vehicle_info_gear,3
1575034200822789389,1068,3344626568000,vehicle_info_gear,3
1575034201179372612,1069,3344826897000,vehicle_info_gear,3
1575034201531708638,1070,3345026909000,vehicle_info_gear,3
1575034201894641396,1071,3345226534000,vehicle_info_gear,3
1575034202261665201,1072,3345426864000,vehicle_info_gear,3
1575034202636479274,1073,3345626876000,vehicle_info_gear,3
1575034202963238296,1074,3345826548000,vehicle_info_gear,3
1575034203325910681,1075,3346026858000,vehicle_info_gear,3
1575034203679774520,1076,3346227066000,vehicle_info_gear,3
1575034204046386922,1077,3346426367000,vehicle_info_gear,3
1575034204410096647,1078,3346627017000,vehicle_info_gear,3
1575034204757863402,1079,3346826999000,vehicle_info_gear,3
1575034205126752508,1080,3347027004000,vehicle_info_gear,3
1575034205466784210,1081,3347227063000,vehicle_info_gear,3
1575034205809630996,1082,3347427017000,vehicle_info_gear,3
1575034206153837026,1083,3347627162000,vehicle_info_gear,3
1575034206511843351,1084,3347826904000,vehicle_info_gear,3
1575034206875125975,1085,3348026956000,vehicle_info_gear,3
1575034207255265484,1086,3348227067000,vehicle_info_gear,3
1575034207604513081,1087,3348426876000,vehicle_info_gear,3
1575034207988529426,1088,3348626965000,vehicle_info_gear,3
1575034208338361337,1089,3348826992000,vehicle_info_gear,3
1575034208688709170,1090,3349027068000,vehicle_info_gear,3
1575034209050650353,1091,3349226951000,vehicle_info_gear,3
1575034209405604127,1092,3349426967000,vehicle_info_gear,3
1575034209764111911,1093,3349626925000,vehicle_info_gear,3
1575034210124412616,1094,3349827068000,vehicle_info_gear,3
1575034210495378310,1095,3350026971000,vehicle_info_gear,3
1575034210863873036,1096,3350227125000,vehicle_info_gear,3
1575034211218915155,1097,3350426990000,vehicle_info_gear,3
1575034211614737549,1098,3350626978000,vehicle_info_gear,3
1575034211958117859,1099,3350827047000,vehicle_info_gear,3
1575034212322485315,1100,3351026854000,vehicle_info_gear,3
1575034212699908695,1101,3351226934000,vehicle_info_gear,3
1575034213091103173,1102,3351427094000,vehicle_info_gear,3
1575034213455705734,1103,3351626691000,vehicle_info_gear,3
1575034213798019551,1104,3351826902000,vehicle_info_gear,3
1575034214147214176,1105,3352026821000,vehicle_info_gear,3
1575034214487306394,1106,3352227390000,vehicle_info_gear,3
1575034214833932240,1107,3352427950000,vehicle_info_gear,3
1575034215193735692,1108,3352628040000,vehicle_info_gear,3
1575034215504831228,1109,3352827876000,vehicle_info_gear,3
1575034215848811847,1110,3353028045000,vehicle_info_gear,3
1575034216179543078,1111,3353228035000,vehicle_info_gear,3
1575034216530775188,1112,3353429044000,vehicle_info_gear,3
1575034216913805077,1113,3353629020000,vehicle_info_gear,3
1575034217261670457,1114,3353827045000,vehicle_info_gear,3
1575034217608506625,1115,3354026966000,vehicle_info_gear,3
1575034217954619148,1116,3354227047000,vehicle_info_gear,3
1575034218317228420,1117,3354426951000,vehicle_info_gear,3
1575034218685134914,1118,3354627502000,vehicle_info_gear,3
1575034219028709059,1119,3354827035000,vehicle_info_gear,3
1575034219372106388,1120,3355027110000,vehicle_info_gear,3
1575034219670667568,1121,3355227152000,vehicle_info_gear,3
1575034220169957197,1122,3355427000000,vehicle_info_gear,3
1575034220553718253,1123,3355626939000,vehicle_info_gear,3
1575034220908583988,1124,3355826876000,vehicle_info_gear,3
1575034221266539430,1125,3356026901000,vehicle_info_gear,3
1575034221609051687,1126,3356226995000,vehicle_info_gear,3
1575034221958753958,1127,3356427068000,vehicle_info_gear,3
1575034222344458041,1128,3356626969000,vehicle_info_gear,3
1575034222653746664,1129,3356826805000,vehicle_info_gear,3
1575034222986944407,1130,3357027832000,vehicle_info_gear,3
1575034223308403508,1131,3357227035000,vehicle_info_gear,3
1575034223641796153,1132,3357426899000,vehicle_info_gear,3
1575034223981883668,1133,3357626960000,vehicle_info_gear,3
1575034224317285780,1134,3357826332000,vehicle_info_gear,3
1575034224648210526,1135,3358026880000,vehicle_info_gear,3
1575034225021224367,1136,3358226885000,vehicle_info_gear,3
1575034225402274236,1137,3358426905000,vehicle_info_gear,3
1575034225776550094,1138,3358626988000,vehicle_info_gear,3
1575034226130762954,1139,3358827012000,vehicle_info_gear,3
1575034226506728740,1140,3359026976000,vehicle_info_gear,3
1575034226868006846,1141,3359226950000,vehicle_info_gear,3
1575034227243972993,1142,3359427102000,vehicle_info_gear,3
1575034227610987162,1143,3359627038000,vehicle_info_gear,3
1575034227962564840,1144,3359827158000,vehicle_info_gear,3
1575034228322501423,1145,3360026990000,vehicle_info_gear,3
1575034228675330557,1146,3360226950000,vehicle_info_gear,3
1575034229031672032,1147,3360427062000,vehicle_info_gear,3
1575034229421253076,1148,3360626999000,vehicle_info_gear,3
1575034229773345667,1149,3360827041000,vehicle_info_gear,3
1575034230146995125,1150,3361027036000,vehicle_info_gear,3
1575034230514894502,1151,3361227941000,vehicle_info_gear,3
1575034230868278366,1152,3361426864000,vehicle_info_gear,3
1575034231244170027,1153,3361627038000,vehicle_info_gear,3
1575034231608995315,1154,3361827147000,vehicle_info_gear,3
1575034231957416229,1155,3362028084000,vehicle_info_gear,3
1575034232272488117,1156,3362227983000,vehicle_info_gear,3
1575034232615164581,1157,3362428005000,vehicle_info_gear,3
1575034232955186344,1158,3362628119000,vehicle_info_gear,3
1575034233303861658,1159,3362828063000,vehicle_info_gear,3
1575034233639797180,1160,3363028954000,vehicle_info_gear,3
1575034233992578365,1161,3363228048000,vehicle_info_gear,3
1575034234320575140,1162,3363427212000,vehicle_info_gear,3
1575034234686623640,1163,3363627072000,vehicle_info_gear,3
1575034235019600002,1164,3363826587000,vehicle_info_gear,3
1575034235382195074,1165,3364026863000,vehicle_info_gear,3
1575034235730753923,1166,3364226950000,vehicle_info_gear,3
1575034236095395757,1167,3364426814000,vehicle_info_gear,3
1575034236476920476,1168,3364626917000,vehicle_info_gear,3
1575034236821343952,1169,3364826865000,vehicle_info_gear,3
1575034237214832061,1170,3365026852000,vehicle_info_gear,3
1575034237576793268,1171,3365226805000,vehicle_info_gear,3
1575034237935985220,1172,3365426864000,vehicle_info_gear,3
1575034238281074074,1173,3365626892000,vehicle_info_gear,3
1575034238606097673,1174,3365806903000,vehicle_info_gear,0
1575034238943439525,1175,3366006864000,vehicle_info_gear,1
1575034239299322872,1176,3366206864000,vehicle_info_gear,1
1575034239633487575,1177,3366406805000,vehicle_info_gear,1
1575034239997598008,1178,3366606873000,vehicle_info_gear,1
1575034240287207822,1179,3366806883000,vehicle_info_gear,1
1575034240607650408,1180,3367006852000,vehicle_info_gear,1
1575034240929595474,1181,3367206864000,vehicle_info_gear,1
1575034241218079779,1182,3367406882000,vehicle_info_gear,1
1575034241548338152,1183,3367606988000,vehicle_info_gear,1
1575034241868834314,1184,3367806853000,vehicle_info_gear,1
1575034242208701184,1185,3368007147000,vehicle_info_gear,1
1575034242548184401,1186,3368206925000,vehicle_info_gear,1
1575034242909418020,1187,3368406893000,vehicle_info_gear,1
1575034243265440468,1188,3368606892000,vehicle_info_gear,1
1575034243621557626,1189,3368806889000,vehicle_info_gear,1
1575034243999767863,1190,3369006883000,vehicle_info_gear,1
1575034244377417981,1191,3369207873000,vehicle_info_gear,1
1575034244727787920,1192,3369406908000,vehicle_info_gear,1
1575034245093265544,1193,3369607805000,vehicle_info_gear,1
1575034245438589507,1194,3369806861000,vehicle_info_gear,1
1575034245796070183,1195,3370006805000,vehicle_info_gear,1
1575034246191199333,1196,3370206805000,vehicle_info_gear,1
1575034246534654902,1197,3370406852000,vehicle_info_gear,1
1575034246888752887,1198,3370607833000,vehicle_info_gear,1
1575034247228990972,1199,3370806970000,vehicle_info_gear,1
1575034247596520247,1200,3371006880000,vehicle_info_gear,1
1575034247976748057,1201,3371206878000,vehicle_info_gear,1
1575034248329130289,1202,3371407862000,vehicle_info_gear,1
1575034248682937041,1203,3371607805000,vehicle_info_gear,1
1575034249051785824,1204,3371807891000,vehicle_info_gear,1
1575034249417600761,1205,3372007862000,vehicle_info_gear,1
1575034249769669383,1206,3372207864000,vehicle_info_gear,1
1575034250100887946,1207,3372407864000,vehicle_info_gear,1
1575034250441480355,1208,3372608805000,vehicle_info_gear,1
1575034250783058942,1209,3372807328000,vehicle_info_gear,1
1575034251137846528,1210,3373006874000,vehicle_info_gear,1
1575034251504670246,1211,3373206864000,vehicle_info_gear,1
1575034251880772561,1212,3373406888000,vehicle_info_gear,1
1575034252244775065,1213,3373606878000,vehicle_info_gear,1
1575034252619420572,1214,3373806880000,vehicle_info_gear,1
1575034253000050435,1215,3374006922000,vehicle_info_gear,1
1575034253377035573,1216,3374206862000,vehicle_info_gear,1
1575034253735674463,1217,3374406862000,vehicle_info_gear,1
1575034254100730145,1218,3374606900000,vehicle_info_gear,1
1575034254446790383,1219,3374806877000,vehicle_info_gear,1
1575034254844433305,1220,3375006867000,vehicle_info_gear,1
1575034255202819971,1221,3375206861000,vehicle_info_gear,1
1575034255569569309,1222,3375406921000,vehicle_info_gear,1
1575034255910061794,1223,3375606920000,vehicle_info_gear,1
1575034256277385607,1224,3375806918000,vehicle_info_gear,1
1575034256637158814,1225,3376006922000,vehicle_info_gear,1
1575034256953019486,1226,3376206922000,vehicle_info_gear,1
1575034257300438828,1227,3376406919000,vehicle_info_gear,1
1575034257647168654,1228,3376606920000,vehicle_info_gear,1
1575034257967834088,1229,3376806976000,vehicle_info_gear,1
1575034258300242197,1230,3377006838000,vehicle_info_gear,1
1575034258614614969,1231,3377206826000,vehicle_info_gear,1
1575034258921929817,1232,3377407036000,vehicle_info_gear,1
1575034259246106246,1233,3377606969000,vehicle_info_gear,1
1575034259597595237,1234,3377806965000,vehicle_info_gear,1
1575034259933773202,1235,3378006864000,vehicle_info_gear,1
1575034260289496373,1236,3378207805000,vehicle_info_gear,1
1575034260630911300,1237,3378406883000,vehicle_info_gear,1
1575034260983864395,1238,3378606931000,vehicle_info_gear,1
1575034261346360593,1239,3378807805000,vehicle_info_gear,1
1575034261720065854,1240,3379007805000,vehicle_info_gear,1
1575034262088335940,1241,3379206910000,vehicle_info_gear,0
1575034262472835850,1242,3379406880000,vehicle_info_gear,3
1575034262830943733,1243,3379606882000,vehicle_info_gear,3
1575034263189447088,1244,3379807156000,vehicle_info_gear,3
1575034263541959820,1245,3380007805000,vehicle_info_gear,3
1575034263920619641,1246,3380206960000,vehicle_info_gear,3
1575034264264807045,1247,3380407167000,vehicle_info_gear,3
1575034264596402534,1248,3380607862000,vehicle_info_gear,3
1575034264924751231,1249,3380807805000,vehicle_info_gear,3
1575034265279962888,1250,3381007832000,vehicle_info_gear,3
1575034265640263345,1251,3381207866000,vehicle_info_gear,3
1575034265958162959,1252,3381407853000,vehicle_info_gear,3
1575034266301422622,1253,3381607141000,vehicle_info_gear,3
1575034266667986106,1254,3381807864000,vehicle_info_gear,3
1575034267016706993,1255,3382007864000,vehicle_info_gear,3
1575034267356481278,1256,3382208002000,vehicle_info_gear,3
1575034267717036738,1257,3382408875000,vehicle_info_gear,3
1575034268054743023,1258,3382606918000,vehicle_info_gear,3
1575034268424787222,1259,3382806929000,vehicle_info_gear,3
1575034268770305222,1260,3383006930000,vehicle_info_gear,3
1575034269148638657,1261,3383206901000,vehicle_info_gear,3
1575034269519300945,1262,3383406822000,vehicle_info_gear,3
1575034269885621880,1263,3383606929000,vehicle_info_gear,3
1575034270261424350,1264,3383806915000,vehicle_info_gear,3
1575034270605287100,1265,3384006821000,vehicle_info_gear,3
1575034270950328934,1266,3384206982000,vehicle_info_gear,3
1575034271304910848,1267,3384406848000,vehicle_info_gear,3
1575034271665919919,1268,3384606821000,vehicle_info_gear,3
1575034272025798673,1269,3384806959000,vehicle_info_gear,3
1575034272384517281,1270,3385006918000,vehicle_info_gear,3
1575034272747824986,1271,3385206943000,vehicle_info_gear,3
1575034273109141937,1272,3385407862000,vehicle_info_gear,3
1575034273475737782,1273,3385606850000,vehicle_info_gear,3
1575034273838940203,1274,3385806996000,vehicle_info_gear,3
1575034274200959432,1275,3386006930000,vehicle_info_gear,3
1575034274576634016,1276,3386207119000,vehicle_info_gear,3
1575034274913645221,1277,3386407067000,vehicle_info_gear,3
1575034275255854362,1278,3386607081000,vehicle_info_gear,3
1575034275604610766,1279,3386806969000,vehicle_info_gear,3
1575034275952023169,1280,3387007442000,vehicle_info_gear,3
1575034276283863037,1281,3387207340000,vehicle_info_gear,3
1575034276600949640,1282,3387406929000,vehicle_info_gear,3
1575034276950636325,1283,3387606822000,vehicle_info_gear,3
1575034277283165215,1284,3387807933000,vehicle_info_gear,3
1575034277646430826,1285,3388006928000,vehicle_info_gear,3
1575034277989632327,1286,3388207139000,vehicle_info_gear,3
1575034278337912444,1287,3388407415000,vehicle_info_gear,3
1575034278689665603,1288,3388607329000,vehicle_info_gear,3
1575034279047682681,1289,3388807328000,vehicle_info_gear,3
1575034279424097913,1290,3389007189000,vehicle_info_gear,3
1575034279772025958,1291,3389207280000,vehicle_info_gear,3
1575034280127309605,1292,3389407035000,vehicle_info_gear,3
1575034280491895412,1293,3389607954000,vehicle_info_gear,3
1575034280858322515,1294,3389807864000,vehicle_info_gear,3
1575034281233207579,1295,3390007876000,vehicle_info_gear,3
1575034281596526220,1296,3390207379000,vehicle_info_gear,3
1575034281948387403,1297,3390407863000,vehicle_info_gear,3
1575034282298751154,1298,3390607862000,vehicle_info_gear,3
1575034282638422815,1299,3390807367000,vehicle_info_gear,3
1575034282971080573,1300,3391007122000,vehicle_info_gear,3
1575034283298700760,1301,3391207875000,vehicle_info_gear,3
1575034283665004101,1302,3391407410000,vehicle_info_gear,3
1575034283998988755,1303,3391607899000,vehicle_info_gear,3
1575034284344164084,1304,3391808111000,vehicle_info_gear,3
1575034284667339432,1305,3392008872000,vehicle_info_gear,3
1575034285005743670,1306,3392207681000,vehicle_info_gear,3
1575034285356923117,1307,3392407131000,vehicle_info_gear,3
1575034285704368717,1308,3392607161000,vehicle_info_gear,3
1575034286090899438,1309,3392807128000,vehicle_info_gear,3
1575034286462772405,1310,3393007124000,vehicle_info_gear,3
1575034286843324971,1311,3393207225000,vehicle_info_gear,3
1575034287190912640,1312,3393407112000,vehicle_info_gear,3
1575034287560123420,1313,3393608055000,vehicle_info_gear,3
1575034287930944435,1314,3393807939000,vehicle_info_gear,3
1575034288307010576,1315,3394007867000,vehicle_info_gear,3
1575034288689194415,1316,3394207164000,vehicle_info_gear,3
1575034289043887539,1317,3394407805000,vehicle_info_gear,3
1575034289396043843,1318,3394607175000,vehicle_info_gear,3
1575034289771712069,1319,3394807971000,vehicle_info_gear,3
1575034290128728375,1320,3395007234000,vehicle_info_gear,3
1575034290494013881,1321,3395207969000,vehicle_info_gear,3
1575034290848392741,1322,3395407958000,vehicle_info_gear,3
1575034291202505052,1323,3395607876000,vehicle_info_gear,3
1575034291577318238,1324,3395807864000,vehicle_info_gear,3
1575034291939353793,1325,3396007476000,vehicle_info_gear,3
1575034292317466993,1326,3396207291000,vehicle_info_gear,3
1575034292664901027,1327,3396407940000,vehicle_info_gear,3
1575034293013960206,1328,3396607548000,vehicle_info_gear,3
1575034293353127797,1329,3396807869000,vehicle_info_gear,3
1575034293672989696,1330,3397007982000,vehicle_info_gear,3
1575034294016048830,1331,3397207333000,vehicle_info_gear,3
1575034294353943962,1332,3397407899000,vehicle_info_gear,3
1575034294705712251,1333,3397607362000,vehicle_info_gear,3
1575034295056125662,1334,3397807903000,vehicle_info_gear,3
1575034295413376185,1335,3398008004000,vehicle_info_gear,3
1575034295785461662,1336,3398208031000,vehicle_info_gear,3
1575034296135492115,1337,3398408037000,vehicle_info_gear,3
1575034296503018897,1338,3398607932000,vehicle_info_gear,3
1575034296850091547,1339,3398807931000,vehicle_info_gear,3
1575034297206949779,1340,3399008835000,vehicle_info_gear,3
1575034297552095428,1341,3399207877000,vehicle_info_gear,3
1575034297930538361,1342,3399407913000,vehicle_info_gear,3
1575034298311695153,1343,3399608028000,vehicle_info_gear,3
1575034298669435327,1344,3399808002000,vehicle_info_gear,3
1575034299051111056,1345,3400008100000,vehicle_info_gear,3
1575034299407081789,1346,3400208046000,vehicle_info_gear,3
1575034299757863049,1347,3400407913000,vehicle_info_gear,3
1575034300119505119,1348,3400607517000,vehicle_info_gear,3
1575034300464480120,1349,3400807805000,vehicle_info_gear,3
1575034300799708462,1350,3401007678000,vehicle_info_gear,3
1575034301137377954,1351,3401208053000,vehicle_info_gear,3
1575034301497374402,1352,3401408313000,vehicle_info_gear,3
1575034301822766767,1353,3401608854000,vehicle_info_gear,3
1575034302131049881,1354,3401806985000,vehicle_info_gear,3
1575034302477372571,1355,3402007981000,vehicle_info_gear,3
1575034302808256573,1356,3402207981000,vehicle_info_gear,3
1575034303128529781,1357,3402407893000,vehicle_info_gear,3
1575034303477001554,1358,3402607872000,vehicle_info_gear,3
1575034303824854489,1359,3402807805000,vehicle_info_gear,3
1575034304189717659,1360,3403007957000,vehicle_info_gear,3
1575034304549549878,1361,3403207805000,vehicle_info_gear,3
1575034304922741093,1362,3403407856000,vehicle_info_gear,3
1575034305298882517,1363,3403607833000,vehicle_info_gear,3
1575034305666846828,1364,3403807805000,vehicle_info_gear,3
1575034306045887365,1365,3404007965000,vehicle_info_gear,3
1575034306407030829,1366,3404208073000,vehicle_info_gear,3
1575034306765982140,1367,3404407855000,vehicle_info_gear,3
1575034307118497699,1368,3404607805000,vehicle_info_gear,3
1575034307475798455,1369,3404807805000,vehicle_info_gear,3
1575034307822697351,1370,3405007946000,vehicle_info_gear,3
1575034308216188216,1371,3405207864000,vehicle_info_gear,3
1575034308543715550,1372,3405407855000,vehicle_info_gear,3
1575034308898498638,1373,3405607805000,vehicle_info_gear,3
1575034309271380791,1374,3405807863000,vehicle_info_gear,3
1575034309630098537,1375,3406007120000,vehicle_info_gear,3
1575034309962809418,1376,3406207853000,vehicle_info_gear,3
1575034310307430569,1377,3406407590000,vehicle_info_gear,3
1575034310633396537,1378,3406607805000,vehicle_info_gear,3
1575034310981434215,1379,3406807892000,vehicle_info_gear,3
1575034311335877131,1380,3407007296000,vehicle_info_gear,3
1575034311705400467,1381,3407207875000,vehicle_info_gear,3
1575034312037034210,1382,3407408064000,vehicle_info_gear,3
1575034312380555762,1383,3407607805000,vehicle_info_gear,3
1575034312730963304,1384,3407807805000,vehicle_info_gear,3
1575034313099393351,1385,3408008072000,vehicle_info_gear,3
1575034313493957053,1386,3408207991000,vehicle_info_gear,3
1575034313815112116,1387,3408408006000,vehicle_info_gear,3
1575034314185929082,1388,3408607878000,vehicle_info_gear,3
1575034314527233089,1389,3408807979000,vehicle_info_gear,3
1575034314888470934,1390,3409007878000,vehicle_info_gear,3
1575034315259191933,1391,3409208017000,vehicle_info_gear,3
1575034315605205081,1392,3409407917000,vehicle_info_gear,3
1575034315989493454,1393,3409607805000,vehicle_info_gear,3
1575034316367422638,1394,3409807967000,vehicle_info_gear,3
1575034316735147774,1395,3410007807000,vehicle_info_gear,3
1575034317120498450,1396,3410207938000,vehicle_info_gear,3
1575034317482104239,1397,3410408058000,vehicle_info_gear,3
1575034317827527820,1398,3410607982000,vehicle_info_gear,3
1575034318202528580,1399,3410807963000,vehicle_info_gear,3
1575034318554336313,1400,3411008921000,vehicle_info_gear,3
1575034318920752968,1401,3411208892000,vehicle_info_gear,3
1575034319211363628,1402,3411407877000,vehicle_info_gear,3
1575034319553175614,1403,3411607202000,vehicle_info_gear,3
1575034319889311069,1404,3411807821000,vehicle_info_gear,3
1575034320221115355,1405,3412007879000,vehicle_info_gear,3
1575034320569471886,1406,3412207206000,vehicle_info_gear,3
1575034320864706784,1407,3412407927000,vehicle_info_gear,3
1575034321215638346,1408,3412607879000,vehicle_info_gear,3
1575034321579884166,1409,3412807660000,vehicle_info_gear,3
1575034321943180818,1410,3413007863000,vehicle_info_gear,3
1575034322304731813,1411,3413207344000,vehicle_info_gear,3
1575034322663494260,1412,3413407581000,vehicle_info_gear,3
1575034323011644067,1413,3413607904000,vehicle_info_gear,3
1575034323372578749,1414,3413807342000,vehicle_info_gear,3
1575034323738789034,1415,3414007343000,vehicle_info_gear,3
1575034324112373756,1416,3414207342000,vehicle_info_gear,3
1575034324466848129,1417,3414407525000,vehicle_info_gear,3
1575034324816382924,1418,3414607890000,vehicle_info_gear,3
1575034325162063520,1419,3414807853000,vehicle_info_gear,3
1575034325419682571,1420,3414947872000,vehicle_info_gear,0
1575034325788399550,1421,3415147864000,vehicle_info_gear,0
1575034325807522006,1422,3415167816000,vehicle_info_gear,1
1575034326179607879,1423,3415367533000,vehicle_info_gear,1
1575034326525696724,1424,3415567607000,vehicle_info_gear,1
1575034326861549099,1425,3415767339000,vehicle_info_gear,1
1575034327180492156,1426,3415968399000,vehicle_info_gear,1
1575034327509723230,1427,3416167483000,vehicle_info_gear,1
1575034327828255346,1428,3416367279000,vehicle_info_gear,1
1575034328145024824,1429,3416567819000,vehicle_info_gear,1
1575034328496804211,1430,3416768054000,vehicle_info_gear,1
1575034328847559296,1431,3416967394000,vehicle_info_gear,1
1575034329216334007,1432,3417168235000,vehicle_info_gear,1
1575034329565931487,1433,3417367676000,vehicle_info_gear,1
1575034329943037096,1434,3417568056000,vehicle_info_gear,1
1575034330307982606,1435,3417767999000,vehicle_info_gear,1
1575034330667664465,1436,3417967690000,vehicle_info_gear,1
1575034331053295428,1437,3418168126000,vehicle_info_gear,1
1575034331419566588,1438,3418368123000,vehicle_info_gear,1
1575034331759788274,1439,3418568338000,vehicle_info_gear,1
1575034332143336872,1440,3418767625000,vehicle_info_gear,1
1575034332516020916,1441,3418968097000,vehicle_info_gear,1
1575034332900649891,1442,3419168837000,vehicle_info_gear,1
1575034333297565883,1443,3419368113000,vehicle_info_gear,1
1575034333655543019,1444,3419568489000,vehicle_info_gear,1
1575034334019952379,1445,3419768002000,vehicle_info_gear,1
1575034334390672171,1446,3419967697000,vehicle_info_gear,1
1575034334760272196,1447,3420168139000,vehicle_info_gear,1
1575034335136080246,1448,3420370195000,vehicle_info_gear,1
1575034335488184912,1449,3420568184000,vehicle_info_gear,1
1575034335853716801,1450,3420769023000,vehicle_info_gear,1
1575034336209173019,1451,3420969517000,vehicle_info_gear,1
1575034336553349667,1452,3421167660000,vehicle_info_gear,1
1575034336879902933,1453,3421368349000,vehicle_info_gear,1
1575034337223022051,1454,3421567432000,vehicle_info_gear,1
1575034337562494730,1455,3421768068000,vehicle_info_gear,1
1575034337898567017,1456,3421968093000,vehicle_info_gear,1
1575034338218153521,1457,3422168030000,vehicle_info_gear,1
1575034338581831992,1458,3422368248000,vehicle_info_gear,1
1575034338927437767,1459,3422567848000,vehicle_info_gear,1
1575034339270993530,1460,3422768117000,vehicle_info_gear,1
1575034339633120395,1461,3422968360000,vehicle_info_gear,1
1575034339983030649,1462,3423168150000,vehicle_info_gear,1
1575034340338654851,1463,3423368013000,vehicle_info_gear,1
1575034340697580929,1464,3423568207000,vehicle_info_gear,1
1575034341049784044,1465,3423768084000,vehicle_info_gear,1
1575034341430403924,1466,3423968081000,vehicle_info_gear,1
1575034341776137513,1467,3424167641000,vehicle_info_gear,1
1575034342144427343,1468,3424367997000,vehicle_info_gear,1
1575034342515967644,1469,3424569106000,vehicle_info_gear,1
1575034342871963899,1470,3424767950000,vehicle_info_gear,1
1575034343245992128,1471,3424968153000,vehicle_info_gear,1
1575034343607786401,1472,3425168058000,vehicle_info_gear,1
1575034343966011311,1473,3425368458000,vehicle_info_gear,1
1575034344303852714,1474,3425567610000,vehicle_info_gear,1
1575034344641552422,1475,3425768374000,vehicle_info_gear,1
1575034344952457649,1476,3425967682000,vehicle_info_gear,1
1575034345313705993,1477,3426167904000,vehicle_info_gear,1
1575034345623871333,1478,3426367664000,vehicle_info_gear,1
1575034345937273600,1479,3426568165000,vehicle_info_gear,1
1575034346282493869,1480,3426767959000,vehicle_info_gear,1
1575034346631586755,1481,3426968007000,vehicle_info_gear,1
1575034347001353013,1482,3427168039000,vehicle_info_gear,1
1575034347370052551,1483,3427367934000,vehicle_info_gear,1
1575034347749175009,1484,3427568001000,vehicle_info_gear,1
1575034348103578835,1485,3427768952000,vehicle_info_gear,1
1575034348471419681,1486,3427967939000,vehicle_info_gear,1
1575034348868041639,1487,3428168310000,vehicle_info_gear,1
1575034349230456742,1488,3428367678000,vehicle_info_gear,1
1575034349620565860,1489,3428567833000,vehicle_info_gear,1
1575034349966472750,1490,3428767842000,vehicle_info_gear,1
1575034350338960741,1491,3428968192000,vehicle_info_gear,1
1575034350699347403,1492,3429168265000,vehicle_info_gear,1
1575034351054074322,1493,3429369017000,vehicle_info_gear,1
1575034351400592480,1494,3429568144000,vehicle_info_gear,1
1575034351763225690,1495,3429767994000,vehicle_info_gear,1
1575034352156122868,1496,3429967976000,vehicle_info_gear,1
1575034352521476503,1497,3430168334000,vehicle_info_gear,1
1575034352887415279,1498,3430368915000,vehicle_info_gear,1
1575034353269642816,1499,3430569114000,vehicle_info_gear,1
1575034353623694954,1500,3430767887000,vehicle_info_gear,1
1575034353993913319,1501,3430967893000,vehicle_info_gear,1
1575034354311890550,1502,3431167949000,vehicle_info_gear,1
1575034354649254096,1503,3431367959000,vehicle_info_gear,1
1575034354984923534,1504,3431567905000,vehicle_info_gear,1
1575034355324595005,1505,3431767907000,vehicle_info_gear,1
1575034355679535863,1506,3431967948000,vehicle_info_gear,1
1575034356007083002,1507,3432167876000,vehicle_info_gear,1
1575034356374018342,1508,3432367864000,vehicle_info_gear,1
1575034356742588821,1509,3432567650000,vehicle_info_gear,1
1575034357095390513,1510,3432768082000,vehicle_info_gear,1
1575034357454371799,1511,3432967990000,vehicle_info_gear,1
1575034357801223839,1512,3433167876000,vehicle_info_gear,1
1575034358150497780,1513,3433367977000,vehicle_info_gear,1
1575034358512014088,1514,3433567934000,vehicle_info_gear,1
1575034358873707356,1515,3433767913000,vehicle_info_gear,1
1575034359227108628,1516,3433967910000,vehicle_info_gear,1
1575034359588528852,1517,3434167985000,vehicle_info_gear,1
1575034359932151437,1518,3434367805000,vehicle_info_gear,1
1575034360290833021,1519,3434567862000,vehicle_info_gear,1
1575034360669645897,1520,3434767862000,vehicle_info_gear,1
1575034361031709153,1521,3434967864000,vehicle_info_gear,1
1575034361383178396,1522,3435167810000,vehicle_info_gear,1
1575034361763946906,1523,3435368889000,vehicle_info_gear,1
1575034362091759923,1524,3435567877000,vehicle_info_gear,1
1575034362433942638,1525,3435767889000,vehicle_info_gear,1
1575034362744440647,1526,3435967862000,vehicle_info_gear,1
1575034363079448199,1527,3436167891000,vehicle_info_gear,1
1575034363398820640,1528,3436368863000,vehicle_info_gear,1
1575034363720025385,1529,3436568863000,vehicle_info_gear,1
1575034364034454087,1530,3436768863000,vehicle_info_gear,1
1575034364343550308,1531,3436968863000,vehicle_info_gear,1
1575034364672584387,1532,3437168259000,vehicle_info_gear,1
1575034365021604206,1533,3437368040000,vehicle_info_gear,1
1575034365371746268,1534,3437567995000,vehicle_info_gear,1
1575034365743190732,1535,3437768127000,vehicle_info_gear,1
1575034366104586629,1536,3437967952000,vehicle_info_gear,1
1575034366455671759,1537,3438167972000,vehicle_info_gear,1
1575034366812858992,1538,3438368974000,vehicle_info_gear,1
1575034367164411088,1539,3438568896000,vehicle_info_gear,1
1575034367517143063,1540,3438768233000,vehicle_info_gear,1
1575034367874750173,1541,3438968873000,vehicle_info_gear,1
1575034368234499399,1542,3439168295000,vehicle_info_gear,1
1575034368594841531,1543,3439368424000,vehicle_info_gear,1
1575034368965993355,1544,3439568946000,vehicle_info_gear,1
1575034369315377389,1545,3439768574000,vehicle_info_gear,1
1575034369666714274,1546,3439968929000,vehicle_info_gear,1
1575034370022355810,1547,3440168628000,vehicle_info_gear,1
1575034370384569635,1548,3440367929000,vehicle_info_gear,1
1575034370738216378,1549,3440567883000,vehicle_info_gear,1
1575034371080013672,1550,3440767875000,vehicle_info_gear,1
1575034371413347476,1551,3440967947000,vehicle_info_gear,1
1575034371745059684,1552,3441167884000,vehicle_info_gear,1
1575034372096274971,1553,3441367948000,vehicle_info_gear,1
1575034372456340598,1554,3441567966000,vehicle_info_gear,1
1575034372810096961,1555,3441767894000,vehicle_info_gear,1
1575034373176696296,1556,3441968876000,vehicle_info_gear,1
1575034373518606462,1557,3442167918000,vehicle_info_gear,1
1575034373884891798,1558,3442367977000,vehicle_info_gear,1
1575034374259153721,1559,3442567885000,vehicle_info_gear,1
1575034374631542741,1560,3442767934000,vehicle_info_gear,1
1575034374996459193,1561,3442967906000,vehicle_info_gear,1
1575034375353872063,1562,3443167895000,vehicle_info_gear,1
1575034375700181627,1563,3443367926000,vehicle_info_gear,1
1575034376040349347,1564,3443567976000,vehicle_info_gear,1
